{
  "displayFieldName" : "",
  "fieldAliases" : {
    "FID" : "FID",
    "名称" : "名称",
    "起点经度" : "起点经度",
    "起点纬度" : "起点纬度",
    "宽度" : "宽度",
    "长度" : "长度",
    "备注" : "备注",
    "起点X" : "起点X",
    "起点Y" : "起点Y"
  },
  "geometryType" : "esriGeometryPoint",
  "spatialReference" : {
    "wkid" : 2362,
    "latestWkid" : 2362
  },
  "fields" : [
    {
      "name" : "FID",
      "type" : "esriFieldTypeOID",
      "alias" : "FID"
    },
    {
      "name" : "名称",
      "type" : "esriFieldTypeString",
      "alias" : "名称",
      "length" : 254
    },
    {
      "name" : "起点经度",
      "type" : "esriFieldTypeString",
      "alias" : "起点经度",
      "length" : 254
    },
    {
      "name" : "起点纬度",
      "type" : "esriFieldTypeString",
      "alias" : "起点纬度",
      "length" : 254
    },
    {
      "name" : "宽度",
      "type" : "esriFieldTypeString",
      "alias" : "宽度",
      "length" : 254
    },
    {
      "name" : "长度",
      "type" : "esriFieldTypeString",
      "alias" : "长度",
      "length" : 254
    },
    {
      "name" : "备注",
      "type" : "esriFieldTypeString",
      "alias" : "备注",
      "length" : 254
    },
    {
      "name" : "起点X",
      "type" : "esriFieldTypeDouble",
      "alias" : "起点X"
    },
    {
      "name" : "起点Y",
      "type" : "esriFieldTypeDouble",
      "alias" : "起点Y"
    }
  ],
  "features" : [
    {
      "attributes" : {
        "FID" : 0,
        "名称" : "风力山脚到15号风机",
        "起点经度" : "113°32'22.32\"",
        "起点纬度" : "22°7'24.96\"",
        "宽度" : "3M",
        "长度" : "7.3km",
        "备注" : " ",
        "起点X" : 113.53953333299999,
        "起点Y" : 22.1236
      },
      "geometry" : {
        "x" : 38452492.144952469,
        "y" : 2447559.8784546396
      }
    },
    {
      "attributes" : {
        "FID" : 1,
        "名称" : "风力分支路线",
        "起点经度" : "113°31'56.00\"",
        "起点纬度" : "22°7'2.27\"",
        "宽度" : "3M",
        "长度" : "5.4km",
        "备注" : " ",
        "起点X" : 113.532222222,
        "起点Y" : 22.117297222200001
      },
      "geometry" : {
        "x" : 38451735.675969556,
        "y" : 2446864.2440278898
      }
    },
    {
      "attributes" : {
        "FID" : 2,
        "名称" : "大横琴山旧村背至黑角路口",
        "起点经度" : "113°31'38.05\"",
        "起点纬度" : "22°05'45.09\"",
        "宽度" : "3m",
        "长度" : "1.990km",
        "备注" : " ",
        "起点X" : 113.52723611099999,
        "起点Y" : 22.095858333300001
      },
      "geometry" : {
        "x" : 38451213.839161143,
        "y" : 2444491.8095486173
      }
    },
    {
      "attributes" : {
        "FID" : 3,
        "名称" : "大横琴山长寿路至山顶山坟地",
        "起点经度" : "113°32'04.01\"",
        "起点纬度" : "22°05'42.58\"",
        "宽度" : "3m",
        "长度" : "1.430km",
        "备注" : " ",
        "起点X" : 113.534447222,
        "起点Y" : 22.095161111100001
      },
      "geometry" : {
        "x" : 38451957.754888035,
        "y" : 2444412.3110464406
      }
    },
    {
      "attributes" : {
        "FID" : 4,
        "名称" : "大横琴山望天台山脚至水库",
        "起点经度" : "113°29'56.84\"",
        "起点纬度" : "22°05'48.80\"",
        "宽度" : "1.5 m",
        "长度" : "1.082km",
        "备注" : " ",
        "起点X" : 113.499122222,
        "起点Y" : 22.096888888900001
      },
      "geometry" : {
        "x" : 38448312.991948247,
        "y" : 2444615.2005264321
      }
    },
    {
      "attributes" : {
        "FID" : 5,
        "名称" : "大横琴山旧石山至山顶武帝庙",
        "起点经度" : "113°31'24.16\"",
        "起点纬度" : "22°07'32.95\"",
        "宽度" : "3m",
        "长度" : "0.501km",
        "备注" : " ",
        "起点X" : 113.523377778,
        "起点Y" : 22.125819444400001
      },
      "geometry" : {
        "x" : 38450826.066149302,
        "y" : 2447810.7817214211
      }
    },
    {
      "attributes" : {
        "FID" : 6,
        "名称" : "大横琴山红旗村164上山路口至山顶6号水池",
        "起点经度" : "113°32'44.08\"",
        "起点纬度" : "22°06'49.42\"",
        "宽度" : "1m",
        "长度" : "2.044km",
        "备注" : " ",
        "起点X" : 113.54557777799999,
        "起点Y" : 22.113727777800001
      },
      "geometry" : {
        "x" : 38453112.51497943,
        "y" : 2446464.8082619729
      }
    },
    {
      "attributes" : {
        "FID" : 7,
        "名称" : "大横琴南湾公司山脚至生态林",
        "起点经度" : "113°31'05.42\"",
        "起点纬度" : "22°06'57.09\"",
        "宽度" : "3m",
        "长度" : "1.380km",
        "备注" : " ",
        "起点X" : 113.518172222,
        "起点Y" : 22.1158583333
      },
      "geometry" : {
        "x" : 38450285.497839727,
        "y" : 2446709.4322048062
      }
    },
    {
      "attributes" : {
        "FID" : 8,
        "名称" : "大横琴三叠泉至21风机",
        "起点经度" : "113°30'09.4\"",
        "起点纬度" : "22°06'53.67\"",
        "宽度" : "1m",
        "长度" : "2.271km",
        "备注" : " ",
        "起点X" : 113.50261111099999,
        "起点Y" : 22.114908333300001
      },
      "geometry" : {
        "x" : 38448679.545705423,
        "y" : 2446609.3996358118
      }
    },
    {
      "attributes" : {
        "FID" : 9,
        "名称" : "小横琴山洋环村对面果园至山顶电塔",
        "起点经度" : "113°31'39.04\"",
        "起点纬度" : "22°09'05.98\"",
        "宽度" : "3m",
        "长度" : "1.059km",
        "备注" : " ",
        "起点X" : 113.527511111,
        "起点Y" : 22.151661111100001
      },
      "geometry" : {
        "x" : 38451261.409324735,
        "y" : 2450671.0261445264
      }
    },
    {
      "attributes" : {
        "FID" : 10,
        "名称" : "小横琴山原顺德指挥部后山至山顶电塔",
        "起点经度" : "113°28'56.39\"",
        "起点纬度" : "22°08'00.28\"",
        "宽度" : "3m",
        "长度" : "1.031km",
        "备注" : " ",
        "起点X" : 113.48233055599999,
        "起点Y" : 22.133411111099999
      },
      "geometry" : {
        "x" : 38446593.93519377,
        "y" : 2448665.2880427795
      }
    },
    {
      "attributes" : {
        "FID" : 11,
        "名称" : "小横琴中联办山脚绕水塘",
        "起点经度" : "113°31'05.82\"",
        "起点纬度" : "22°08'34.55\"",
        "宽度" : "6m",
        "长度" : "1.144km",
        "备注" : " ",
        "起点X" : 113.518283333,
        "起点Y" : 22.1429305556
      },
      "geometry" : {
        "x" : 38450306.457092077,
        "y" : 2449707.2356634876
      }
    }
  ]
}