{
  "displayFieldName" : "",
  "fieldAliases" : {
    "FID" : "FID",
    "名称" : "名称",
    "宽度" : "宽度",
    "长度" : "长度",
    "终点经度" : "终点经度",
    "终点纬度" : "终点纬度",
    "备注" : "备注",
    "终点X" : "终点X",
    "终点Y" : "终点Y"
  },
  "geometryType" : "esriGeometryPoint",
  "spatialReference" : {
    "wkid" : 2362,
    "latestWkid" : 2362
  },
  "fields" : [
    {
      "name" : "FID",
      "type" : "esriFieldTypeOID",
      "alias" : "FID"
    },
    {
      "name" : "名称",
      "type" : "esriFieldTypeString",
      "alias" : "名称",
      "length" : 254
    },
    {
      "name" : "宽度",
      "type" : "esriFieldTypeString",
      "alias" : "宽度",
      "length" : 254
    },
    {
      "name" : "长度",
      "type" : "esriFieldTypeString",
      "alias" : "长度",
      "length" : 254
    },
    {
      "name" : "终点经度",
      "type" : "esriFieldTypeString",
      "alias" : "终点经度",
      "length" : 254
    },
    {
      "name" : "终点纬度",
      "type" : "esriFieldTypeString",
      "alias" : "终点纬度",
      "length" : 254
    },
    {
      "name" : "备注",
      "type" : "esriFieldTypeString",
      "alias" : "备注",
      "length" : 254
    },
    {
      "name" : "终点X",
      "type" : "esriFieldTypeDouble",
      "alias" : "终点X"
    },
    {
      "name" : "终点Y",
      "type" : "esriFieldTypeDouble",
      "alias" : "终点Y"
    }
  ],
  "features" : [
    {
      "attributes" : {
        "FID" : 0,
        "名称" : "风力山脚到15号风机",
        "宽度" : "3M",
        "长度" : "7.3km",
        "终点经度" : "113°30'20.88",
        "终点纬度" : "22°6'10.34",
        "备注" : " ",
        "终点X" : 113.50579999999999,
        "终点Y" : 22.102872222199998
      },
      "geometry" : {
        "x" : 38449004.253466129,
        "y" : 2445275.5117415278
      }
    },
    {
      "attributes" : {
        "FID" : 1,
        "名称" : "风力分支路线",
        "宽度" : "3M",
        "长度" : "5.4km",
        "终点经度" : "113°31'12.67",
        "终点纬度" : "22°6'41.45",
        "备注" : " ",
        "终点X" : 113.520186111,
        "终点Y" : 22.111513888899999
      },
      "geometry" : {
        "x" : 38450491.775746092,
        "y" : 2446227.6950963615
      }
    },
    {
      "attributes" : {
        "FID" : 2,
        "名称" : "大横琴山旧村背至黑角路口",
        "宽度" : "3m",
        "长度" : "1.990km",
        "终点经度" : "113°31'18.58",
        "终点纬度" : "22°05'01.96",
        "备注" : " ",
        "终点X" : 113.521827778,
        "终点Y" : 22.083877777800001
      },
      "geometry" : {
        "x" : 38450651.561252713,
        "y" : 2443166.8930473779
      }
    },
    {
      "attributes" : {
        "FID" : 3,
        "名称" : "大横琴山长寿路至山顶山坟地",
        "宽度" : "3m",
        "长度" : "1.430km",
        "终点经度" : "113°32'06.08",
        "终点纬度" : "22°05'16.14",
        "备注" : " ",
        "终点X" : 113.53502222199999,
        "终点Y" : 22.0878166667
      },
      "geometry" : {
        "x" : 38452014.610105708,
        "y" : 2443598.8486656374
      }
    },
    {
      "attributes" : {
        "FID" : 4,
        "名称" : "大横琴山望天台山脚至水库",
        "宽度" : "1.5 m",
        "长度" : "1.082km",
        "终点经度" : "113°30'16.43",
        "终点纬度" : "22°05'30.84",
        "备注" : " ",
        "终点X" : 113.504563889,
        "终点Y" : 22.091899999999999
      },
      "geometry" : {
        "x" : 38448872.74644012,
        "y" : 2444060.9212846328
      }
    },
    {
      "attributes" : {
        "FID" : 5,
        "名称" : "大横琴山旧石山至山顶武帝庙",
        "宽度" : "3m",
        "长度" : "0.501km",
        "终点经度" : "113°31'15.55",
        "终点纬度" : "22°07'23.73",
        "备注" : " ",
        "终点X" : 113.520986111,
        "终点Y" : 22.123258333300001
      },
      "geometry" : {
        "x" : 38450578.416615158,
        "y" : 2447527.9526767875
      }
    },
    {
      "attributes" : {
        "FID" : 6,
        "名称" : "大横琴山红旗村164上山路口至山顶6号水池",
        "宽度" : "1m",
        "长度" : "2.044km",
        "终点经度" : "113°31'46.70",
        "终点纬度" : "22°06'48.65",
        "备注" : " ",
        "终点X" : 113.529638889,
        "终点Y" : 22.113513888899998
      },
      "geometry" : {
        "x" : 38451467.833989739,
        "y" : 2446446.1198283057
      }
    },
    {
      "attributes" : {
        "FID" : 7,
        "名称" : "大横琴南湾公司山脚至生态林",
        "宽度" : "3m",
        "长度" : "1.380km",
        "终点经度" : "113°29'34.22",
        "终点纬度" : "22°06'43.02",
        "备注" : " ",
        "终点X" : 113.492838889,
        "终点Y" : 22.11195
      },
      "geometry" : {
        "x" : 38447670.139999688,
        "y" : 2446285.1363846669
      }
    },
    {
      "attributes" : {
        "FID" : 8,
        "名称" : "大横琴三叠泉至21风机",
        "宽度" : "1m",
        "长度" : "2.271km",
        "终点经度" : "113°30'52.30",
        "终点纬度" : "22°06'23.14",
        "备注" : " ",
        "终点X" : 113.514527778,
        "终点Y" : 22.1064277778
      },
      "geometry" : {
        "x" : 38449906.130687855,
        "y" : 2445666.3375764634
      }
    },
    {
      "attributes" : {
        "FID" : 9,
        "名称" : "小横琴山洋环村对面果园至山顶电塔",
        "宽度" : "3m",
        "长度" : "1.059km",
        "终点经度" : "113°31'33.02",
        "终点纬度" : "22°08'47.77",
        "备注" : " ",
        "终点X" : 113.525838889,
        "终点Y" : 22.146602777799998
      },
      "geometry" : {
        "x" : 38451087.164265372,
        "y" : 2450111.4285540995
      }
    },
    {
      "attributes" : {
        "FID" : 10,
        "名称" : "小横琴山原顺德指挥部后山至山顶电塔",
        "宽度" : "3m",
        "长度" : "1.031km",
        "终点经度" : "113°28'31.51",
        "终点纬度" : "22°08'04.41",
        "备注" : " ",
        "终点X" : 113.475419444,
        "终点Y" : 22.134558333299999
      },
      "geometry" : {
        "x" : 38445881.364998288,
        "y" : 2448794.7696561832
      }
    },
    {
      "attributes" : {
        "FID" : 11,
        "名称" : "小横琴中联办山脚绕水塘",
        "宽度" : "6m",
        "长度" : "1.144km",
        "终点经度" : "113°31'13.01",
        "终点纬度" : "22°08'41.20",
        "备注" : " ",
        "终点X" : 113.520280556,
        "终点Y" : 22.144777777800002
      },
      "geometry" : {
        "x" : 38450513.138220355,
        "y" : 2449911.1363604749
      }
    }
  ]
}