{
  "displayFieldName" : "",
  "fieldAliases" : {
    "FID" : "FID",
    "编号" : "编号",
    "名称" : "名称",
    "规格型号" : "规格型号",
    "数量" : "数量",
    "建成日期" : "建成日期",
    "东经" : "东经",
    "北纬" : "北纬",
    "负责人" : "负责人",
    "备注" : "备注",
    "日常管理人" : "日常管理人",
    "X" : "X",
    "Y" : "Y"
  },
  "geometryType" : "esriGeometryPoint",
  "spatialReference" : {
    "wkid" : 2362,
    "latestWkid" : 2362
  },
  "fields" : [
    {
      "name" : "FID",
      "type" : "esriFieldTypeOID",
      "alias" : "FID"
    },
    {
      "name" : "编号",
      "type" : "esriFieldTypeDouble",
      "alias" : "编号"
    },
    {
      "name" : "名称",
      "type" : "esriFieldTypeString",
      "alias" : "名称",
      "length" : 254
    },
    {
      "name" : "规格型号",
      "type" : "esriFieldTypeString",
      "alias" : "规格型号",
      "length" : 254
    },
    {
      "name" : "数量",
      "type" : "esriFieldTypeDouble",
      "alias" : "数量"
    },
    {
      "name" : "建成日期",
      "type" : "esriFieldTypeDouble",
      "alias" : "建成日期"
    },
    {
      "name" : "东经",
      "type" : "esriFieldTypeString",
      "alias" : "东经",
      "length" : 254
    },
    {
      "name" : "北纬",
      "type" : "esriFieldTypeString",
      "alias" : "北纬",
      "length" : 254
    },
    {
      "name" : "负责人",
      "type" : "esriFieldTypeString",
      "alias" : "负责人",
      "length" : 254
    },
    {
      "name" : "备注",
      "type" : "esriFieldTypeString",
      "alias" : "备注",
      "length" : 254
    },
    {
      "name" : "日常管理人",
      "type" : "esriFieldTypeString",
      "alias" : "日常管理人",
      "length" : 50
    },
    {
      "name" : "X",
      "type" : "esriFieldTypeDouble",
      "alias" : "X"
    },
    {
      "name" : "Y",
      "type" : "esriFieldTypeDouble",
      "alias" : "Y"
    }
  ],
  "features" : [
    {
      "attributes" : {
        "FID" : 0,
        "编号" : 1,
        "名称" : "气压站",
        "规格型号" : "不锈钢桶",
        "数量" : 1,
        "建成日期" : 2015,
        "东经" : "113°31'49.71\"",
        "北纬" : "22°9'1.64\"",
        "负责人" : "谢卫华13676054970",
        "备注" : " ",
        "日常管理人" : "备勤8841261",
        "X" : 113.530475,
        "Y" : 22.150455555600001
      },
      "geometry" : {
        "x" : 38451566.735471331,
        "y" : 2450536.5811898024
      }
    },
    {
      "attributes" : {
        "FID" : 1,
        "编号" : 2,
        "名称" : "洋环果园",
        "规格型号" : "水池",
        "数量" : 1,
        "建成日期" : 2015,
        "东经" : "113°31'41.35\"",
        "北纬" : "22°9'6.79\"",
        "负责人" : "谢卫华13676054970",
        "备注" : " ",
        "日常管理人" : "备勤8841261",
        "X" : 113.52815277800001,
        "Y" : 22.151886111100001
      },
      "geometry" : {
        "x" : 38451327.677573435,
        "y" : 2450695.7358584818
      }
    },
    {
      "attributes" : {
        "FID" : 2,
        "编号" : 3,
        "名称" : "横琴大桥南",
        "规格型号" : "胶桶",
        "数量" : 1,
        "建成日期" : 2012,
        "东经" : "113°31'3.34\"",
        "北纬" : "22°9'9.98\"",
        "负责人" : "谢卫华13676054970",
        "备注" : " ",
        "日常管理人" : "备勤8841261",
        "X" : 113.517594444,
        "Y" : 22.152772222199999
      },
      "geometry" : {
        "x" : 38450238.849931322,
        "y" : 2450797.2795007243
      }
    },
    {
      "attributes" : {
        "FID" : 3,
        "编号" : 4,
        "名称" : "横琴大桥",
        "规格型号" : "水池",
        "数量" : 1,
        "建成日期" : 2014,
        "东经" : "113°31'4.26\"",
        "北纬" : "22°9'6.91\"",
        "负责人" : "谢卫华13676054970",
        "备注" : " ",
        "日常管理人" : "备勤8841261",
        "X" : 113.51785,
        "Y" : 22.151919444400001
      },
      "geometry" : {
        "x" : 38450264.911870003,
        "y" : 2450702.7632974922
      }
    },
    {
      "attributes" : {
        "FID" : 4,
        "编号" : 5,
        "名称" : "横琴大桥",
        "规格型号" : "水池",
        "数量" : 1,
        "建成日期" : 2014,
        "东经" : "113°30'53.58\"",
        "北纬" : "22°9'9.82\"",
        "负责人" : "谢卫华13676054970",
        "备注" : " ",
        "日常管理人" : "备勤8841261",
        "X" : 113.514883333,
        "Y" : 22.152727777799999
      },
      "geometry" : {
        "x" : 38449959.172601022,
        "y" : 2450793.248332975
      }
    },
    {
      "attributes" : {
        "FID" : 5,
        "编号" : 6,
        "名称" : "石博园后勤部",
        "规格型号" : "水池",
        "数量" : 1,
        "建成日期" : 2014,
        "东经" : "113°30'8.56\"",
        "北纬" : "22°8'54.55\"",
        "负责人" : "谢卫华13676054970",
        "备注" : " ",
        "日常管理人" : "备勤8841261",
        "X" : 113.502377778,
        "Y" : 22.148486111099999
      },
      "geometry" : {
        "x" : 38448667.636472426,
        "y" : 2450327.7175122402
      }
    },
    {
      "attributes" : {
        "FID" : 6,
        "编号" : 7,
        "名称" : "电站",
        "规格型号" : "胶桶",
        "数量" : 1,
        "建成日期" : 2012,
        "东经" : "113°30'3.79\"",
        "北纬" : "22°8'52.58\"",
        "负责人" : "谢卫华13676054970",
        "备注" : "报废胶桶",
        "日常管理人" : "备勤8841261",
        "X" : 113.501052778,
        "Y" : 22.147938888900001
      },
      "geometry" : {
        "x" : 38448530.754281722,
        "y" : 2450267.5688261455
      }
    },
    {
      "attributes" : {
        "FID" : 7,
        "编号" : 8,
        "名称" : "水泥厂背后",
        "规格型号" : "水池",
        "数量" : 1,
        "建成日期" : 2014,
        "东经" : "113°29'46.34\"",
        "北纬" : "22°8'48.88\"",
        "负责人" : "谢卫华13676054970",
        "备注" : " ",
        "日常管理人" : "邬新庭13680372992",
        "X" : 113.49620555600001,
        "Y" : 22.1469111111
      },
      "geometry" : {
        "x" : 38448030.349226087,
        "y" : 2450155.4070501402
      }
    },
    {
      "attributes" : {
        "FID" : 8,
        "编号" : 9,
        "名称" : "检测中心",
        "规格型号" : "胶桶",
        "数量" : 1,
        "建成日期" : 2012,
        "东经" : "113°28'33.11\"",
        "北纬" : "22°8'16.10\"",
        "负责人" : "谢卫华13676054970",
        "备注" : "报废胶桶",
        "日常管理人" : "邬新庭13680372992",
        "X" : 113.475863889,
        "Y" : 22.1378055556
      },
      "geometry" : {
        "x" : 38445928.45685026,
        "y" : 2449154.1943510044
      }
    },
    {
      "attributes" : {
        "FID" : 9,
        "编号" : 10,
        "名称" : "检测中心",
        "规格型号" : "水池",
        "数量" : 1,
        "建成日期" : 2015,
        "东经" : "113°28'31.02\"",
        "北纬" : "22°8'16.97\"",
        "负责人" : "谢卫华13676054970",
        "备注" : " ",
        "日常管理人" : "邬新庭13680372992",
        "X" : 113.47528333299999,
        "Y" : 22.138047222200001
      },
      "geometry" : {
        "x" : 38445868.656003505,
        "y" : 2449181.1620193226
      }
    },
    {
      "attributes" : {
        "FID" : 10,
        "编号" : 11,
        "名称" : "西提北",
        "规格型号" : "水池",
        "数量" : 1,
        "建成日期" : 2015,
        "东经" : "113°28'2.02\"",
        "北纬" : "22°7'53.24\"",
        "负责人" : "谢卫华13676054970",
        "备注" : " ",
        "日常管理人" : "邬新庭13680372992",
        "X" : 113.46722777799999,
        "Y" : 22.131455555599999
      },
      "geometry" : {
        "x" : 38445035.046207614,
        "y" : 2448454.1200193795
      }
    },
    {
      "attributes" : {
        "FID" : 11,
        "编号" : 12,
        "名称" : "西提北",
        "规格型号" : "不锈钢桶",
        "数量" : 1,
        "建成日期" : 2015,
        "东经" : "113°28'0.61\"",
        "北纬" : "22°7'48.40\"",
        "负责人" : "谢卫华13676054970",
        "备注" : " ",
        "日常管理人" : "邬新庭13680372992",
        "X" : 113.46683611100001,
        "Y" : 22.1301111111
      },
      "geometry" : {
        "x" : 38444994.116015203,
        "y" : 2448305.3838274404
      }
    },
    {
      "attributes" : {
        "FID" : 12,
        "编号" : 13,
        "名称" : "横琴公社",
        "规格型号" : "水池",
        "数量" : 2,
        "建成日期" : 2013,
        "东经" : "113°29'0.66\"",
        "北纬" : "22°7'47.83\"",
        "负责人" : "谢卫华13676054970",
        "备注" : " ",
        "日常管理人" : "梁华祥13250063392",
        "X" : 113.483516667,
        "Y" : 22.1299527778
      },
      "geometry" : {
        "x" : 38446715.00374563,
        "y" : 2448281.9122057119
      }
    },
    {
      "attributes" : {
        "FID" : 13,
        "编号" : 14,
        "名称" : "横琴公社球场",
        "规格型号" : "水池",
        "数量" : 1,
        "建成日期" : 2013,
        "东经" : "113°28'58.56\"",
        "北纬" : "22°8'1.68\"",
        "负责人" : "谢卫华13676054970",
        "备注" : " ",
        "日常管理人" : "梁华祥13250063392",
        "X" : 113.48293333300001,
        "Y" : 22.133800000000001
      },
      "geometry" : {
        "x" : 38446656.269139215,
        "y" : 2448708.1402302189
      }
    },
    {
      "attributes" : {
        "FID" : 14,
        "编号" : 15,
        "名称" : "指挥部上山路口",
        "规格型号" : "水池",
        "数量" : 1,
        "建成日期" : 2014,
        "东经" : "113°29'0.07\"",
        "北纬" : "22°10'30.97\"",
        "负责人" : "谢卫华13676054970",
        "备注" : " ",
        "日常管理人" : "梁华祥13250063392",
        "X" : 113.483352778,
        "Y" : 22.175269444400001
      },
      "geometry" : {
        "x" : 38446715.15821182,
        "y" : 2453300.1394258174
      }
    },
    {
      "attributes" : {
        "FID" : 15,
        "编号" : 16,
        "名称" : "向阳村避暑山庄",
        "规格型号" : "水池",
        "数量" : 1,
        "建成日期" : 2014,
        "东经" : "113°29'20.43\"",
        "北纬" : "22°8'19.18\"",
        "负责人" : "谢卫华13676054970",
        "备注" : " ",
        "日常管理人" : "梁华祥13250063392",
        "X" : 113.489008333,
        "Y" : 22.138661111099999
      },
      "geometry" : {
        "x" : 38447284.824043132,
        "y" : 2449244.3184493314
      }
    },
    {
      "attributes" : {
        "FID" : 16,
        "编号" : 17,
        "名称" : "勒流",
        "规格型号" : "胶桶",
        "数量" : 1,
        "建成日期" : 2012,
        "东经" : "113°29'36.49\"",
        "北纬" : "22°8'30.32\"",
        "负责人" : "谢卫华13676054970",
        "备注" : " ",
        "日常管理人" : "吴德良15919298429",
        "X" : 113.493469444,
        "Y" : 22.1417555556
      },
      "geometry" : {
        "x" : 38447746.193793245,
        "y" : 2449585.4427343723
      }
    },
    {
      "attributes" : {
        "FID" : 17,
        "编号" : 18,
        "名称" : "勒流路口",
        "规格型号" : "水池",
        "数量" : 1,
        "建成日期" : 2014,
        "东经" : "113°30'1.84\"",
        "北纬" : "22°8'6.81\"",
        "负责人" : "谢卫华13676054970",
        "备注" : " ",
        "日常管理人" : "吴德良15919298429",
        "X" : 113.50051111099999,
        "Y" : 22.135224999999998
      },
      "geometry" : {
        "x" : 38448470.251277871,
        "y" : 2448859.8764141044
      }
    },
    {
      "attributes" : {
        "FID" : 18,
        "编号" : 19,
        "名称" : "勒流",
        "规格型号" : "胶桶",
        "数量" : 1,
        "建成日期" : 2015,
        "东经" : "113°29'52.19\"",
        "北纬" : "22°8'33.53\"",
        "负责人" : "谢卫华13676054970",
        "备注" : " ",
        "日常管理人" : "吴德良15919298429",
        "X" : 113.497830556,
        "Y" : 22.142647222200001
      },
      "geometry" : {
        "x" : 38448196.421612293,
        "y" : 2449682.6890455722
      }
    },
    {
      "attributes" : {
        "FID" : 19,
        "编号" : 20,
        "名称" : "勒流",
        "规格型号" : "水池",
        "数量" : 1,
        "建成日期" : 2013,
        "东经" : "113°30'0.77\"",
        "北纬" : "22°8'7.63\"",
        "负责人" : "谢卫华13676054970",
        "备注" : " ",
        "日常管理人" : "吴德良15919298429",
        "X" : 113.50021388899999,
        "Y" : 22.135452777800001
      },
      "geometry" : {
        "x" : 38448439.670727096,
        "y" : 2448885.2001881315
      }
    },
    {
      "attributes" : {
        "FID" : 20,
        "编号" : 21,
        "名称" : "上村",
        "规格型号" : "不锈钢桶",
        "数量" : 1,
        "建成日期" : 2015,
        "东经" : "113°30'18.75\"",
        "北纬" : "22°8'32.20\"",
        "负责人" : "谢卫华13676054970",
        "备注" : " ",
        "日常管理人" : "吴德良15919298429",
        "X" : 113.505208333,
        "Y" : 22.1422777778
      },
      "geometry" : {
        "x" : 38448957.390410513,
        "y" : 2449639.2826676667
      }
    },
    {
      "attributes" : {
        "FID" : 21,
        "编号" : 22,
        "名称" : "中联办山脚",
        "规格型号" : "胶桶",
        "数量" : 1,
        "建成日期" : 2012,
        "东经" : "113°31'5.82\"",
        "北纬" : "22°8'34.05\"",
        "负责人" : "谢卫华13676054970",
        "备注" : "报废",
        "日常管理人" : "吴德良15919298429",
        "X" : 113.518283333,
        "Y" : 22.142791666699999
      },
      "geometry" : {
        "x" : 38450306.408352897,
        "y" : 2449691.8557902486
      }
    },
    {
      "attributes" : {
        "FID" : 22,
        "编号" : 23,
        "名称" : "中联办",
        "规格型号" : "不锈钢桶",
        "数量" : 1,
        "建成日期" : 2015,
        "东经" : "113°31'18.44\"",
        "北纬" : "22°8'40.56\"",
        "负责人" : "谢卫华13676054970",
        "备注" : " ",
        "日常管理人" : "吴德良15919298429",
        "X" : 113.52178888900001,
        "Y" : 22.144600000000001
      },
      "geometry" : {
        "x" : 38450668.675392166,
        "y" : 2449890.9598037316
      }
    },
    {
      "attributes" : {
        "FID" : 23,
        "编号" : 24,
        "名称" : "三大队后山",
        "规格型号" : "水池",
        "数量" : 1,
        "建成日期" : 2015,
        "东经" : "113°31'37.97\"",
        "北纬" : "22°8'34.91\"",
        "负责人" : "谢卫华13676054970",
        "备注" : " ",
        "日常管理人" : "吴德良15919298429",
        "X" : 113.527213889,
        "Y" : 22.143030555599999
      },
      "geometry" : {
        "x" : 38451227.776445433,
        "y" : 2449715.4166432903
      }
    },
    {
      "attributes" : {
        "FID" : 24,
        "编号" : 25,
        "名称" : "二井果园",
        "规格型号" : "水池",
        "数量" : 1,
        "建成日期" : 2015,
        "东经" : "113°28'25.30\"",
        "北纬" : "22°6'1.87\"",
        "负责人" : "谢卫华13676054970",
        "备注" : " ",
        "日常管理人" : "杨春峰13680394044",
        "X" : 113.473694444,
        "Y" : 22.1005194444
      },
      "geometry" : {
        "x" : 38445690.364278197,
        "y" : 2445026.078558703
      }
    },
    {
      "attributes" : {
        "FID" : 25,
        "编号" : 26,
        "名称" : "二井果园",
        "规格型号" : "水池",
        "数量" : 1,
        "建成日期" : 2012,
        "东经" : "113°28'28.40\"",
        "北纬" : "22°6'5.73\"",
        "负责人" : "谢卫华13676054970",
        "备注" : " ",
        "日常管理人" : "杨春峰13680394044",
        "X" : 113.474555556,
        "Y" : 22.101591666699999
      },
      "geometry" : {
        "x" : 38445779.634183548,
        "y" : 2445144.5042938162
      }
    },
    {
      "attributes" : {
        "FID" : 26,
        "编号" : 27,
        "名称" : "西提",
        "规格型号" : "水池",
        "数量" : 1,
        "建成日期" : 2014,
        "东经" : "113°28'38.52\"",
        "北纬" : "22°6'40.03\"",
        "负责人" : "谢卫华13676054970",
        "备注" : " ",
        "日常管理人" : "林波13902876762",
        "X" : 113.477366667,
        "Y" : 22.1111194444
      },
      "geometry" : {
        "x" : 38446073.339070387,
        "y" : 2446198.5653105252
      }
    },
    {
      "attributes" : {
        "FID" : 27,
        "编号" : 28,
        "名称" : "龙岗山湾",
        "规格型号" : "水池",
        "数量" : 2,
        "建成日期" : 2012,
        "东经" : "113°28'53.65\"",
        "北纬" : "22°6'45.23\"",
        "负责人" : "谢卫华13676054970",
        "备注" : " ",
        "日常管理人" : "林波13902876762",
        "X" : 113.481569444,
        "Y" : 22.112563888899999
      },
      "geometry" : {
        "x" : 38446507.545857251,
        "y" : 2446357.0330231828
      }
    },
    {
      "attributes" : {
        "FID" : 28,
        "编号" : 29,
        "名称" : "龙岗山",
        "规格型号" : "不锈钢桶",
        "数量" : 1,
        "建成日期" : 2015,
        "东经" : "113°28'54.10\"",
        "北纬" : "22°6'51.64\"",
        "负责人" : "谢卫华13676054970",
        "备注" : " ",
        "日常管理人" : "林波13902876762",
        "X" : 113.481694444,
        "Y" : 22.1143444444
      },
      "geometry" : {
        "x" : 38446521.115252048,
        "y" : 2446554.1591374334
      }
    },
    {
      "attributes" : {
        "FID" : 29,
        "编号" : 30,
        "名称" : "龙岗山",
        "规格型号" : "不锈钢桶",
        "数量" : 1,
        "建成日期" : 2015,
        "东经" : "113°29'6.44\"",
        "北纬" : "22°6'56.40\"",
        "负责人" : "谢卫华13676054970",
        "备注" : " ",
        "日常管理人" : "林波13902876762",
        "X" : 113.485122222,
        "Y" : 22.115666666700001
      },
      "geometry" : {
        "x" : 38446875.296402611,
        "y" : 2446699.3750451608
      }
    },
    {
      "attributes" : {
        "FID" : 30,
        "编号" : 31,
        "名称" : "六标",
        "规格型号" : "水池",
        "数量" : 1,
        "建成日期" : 2015,
        "东经" : "113°29'49.62\"",
        "北纬" : "22°7'5.48\"",
        "负责人" : "谢卫华13676054970",
        "备注" : " ",
        "日常管理人" : "林波13902876762",
        "X" : 113.497116667,
        "Y" : 22.118188888900001
      },
      "geometry" : {
        "x" : 38448113.820426591,
        "y" : 2446974.5349522005
      }
    },
    {
      "attributes" : {
        "FID" : 31,
        "编号" : 32,
        "名称" : "土地公公",
        "规格型号" : "水桶",
        "数量" : 1,
        "建成日期" : 2015,
        "东经" : "113°29'54.27\"",
        "北纬" : "22°7'9.28\"",
        "负责人" : "谢卫华13676054970",
        "备注" : " ",
        "日常管理人" : "林波13902876762",
        "X" : 113.498408333,
        "Y" : 22.1192444444
      },
      "geometry" : {
        "x" : 38448247.478888094,
        "y" : 2447090.9820088726
      }
    },
    {
      "attributes" : {
        "FID" : 32,
        "编号" : 33,
        "名称" : "四塘村口",
        "规格型号" : "水池",
        "数量" : 1,
        "建成日期" : 2015,
        "东经" : "113°31'2.22\"",
        "北纬" : "22°7'28.71\"",
        "负责人" : "谢卫华13676054970",
        "备注" : " ",
        "日常管理人" : "赵嘉荣13160655443",
        "X" : 113.51728333299999,
        "Y" : 22.124641666700001
      },
      "geometry" : {
        "x" : 38450196.867269263,
        "y" : 2447682.3433965188
      }
    },
    {
      "attributes" : {
        "FID" : 33,
        "编号" : 34,
        "名称" : "武帝庙旁",
        "规格型号" : "胶桶",
        "数量" : 1,
        "建成日期" : 2012,
        "东经" : "113°31'17.64\"",
        "北纬" : "22°7'23.59\"",
        "负责人" : "谢卫华13676054970",
        "备注" : " ",
        "日常管理人" : "赵嘉荣13160655443",
        "X" : 113.521566667,
        "Y" : 22.1232194444
      },
      "geometry" : {
        "x" : 38450638.302125126,
        "y" : 2447523.4578397474
      }
    },
    {
      "attributes" : {
        "FID" : 34,
        "编号" : 35,
        "名称" : "武帝庙",
        "规格型号" : "不锈钢桶",
        "数量" : 1,
        "建成日期" : 2015,
        "东经" : "113°31'24.33\"",
        "北纬" : "22°7'31.77\"",
        "负责人" : "谢卫华13676054970",
        "备注" : " ",
        "日常管理人" : "曾炳东13727080322",
        "X" : 113.523425,
        "Y" : 22.1254916667
      },
      "geometry" : {
        "x" : 38450830.824492887,
        "y" : 2447774.470063224
      }
    },
    {
      "attributes" : {
        "FID" : 35,
        "编号" : 36,
        "名称" : "石山村头",
        "规格型号" : "水池",
        "数量" : 1,
        "建成日期" : 2014,
        "东经" : "113°31'59.92\"",
        "北纬" : "22°7'32.51\"",
        "负责人" : "谢卫华13676054970",
        "备注" : " ",
        "日常管理人" : "曾炳东13727080322",
        "X" : 113.533311111,
        "Y" : 22.125697222199999
      },
      "geometry" : {
        "x" : 38451850.880186982,
        "y" : 2447794.0698553035
      }
    },
    {
      "attributes" : {
        "FID" : 36,
        "编号" : 37,
        "名称" : "石山村头",
        "规格型号" : "不锈钢桶",
        "数量" : 1,
        "建成日期" : 2015,
        "东经" : "113°32'7.48\"",
        "北纬" : "22°7'28.97\"",
        "负责人" : "谢卫华13676054970",
        "备注" : " ",
        "日常管理人" : "曾炳东13727080322",
        "X" : 113.535411111,
        "Y" : 22.124713888900001
      },
      "geometry" : {
        "x" : 38452067.211791351,
        "y" : 2447684.5175850932
      }
    },
    {
      "attributes" : {
        "FID" : 37,
        "编号" : 38,
        "名称" : "风力",
        "规格型号" : "胶桶",
        "数量" : 1,
        "建成日期" : 2012,
        "东经" : "113°31'55.44\"",
        "北纬" : "22°7'2.67\"",
        "负责人" : "谢卫华13676054970",
        "备注" : " ",
        "日常管理人" : "备勤8841261",
        "X" : 113.532066667,
        "Y" : 22.117408333299998
      },
      "geometry" : {
        "x" : 38451719.663709521,
        "y" : 2446876.5972137484
      }
    },
    {
      "attributes" : {
        "FID" : 38,
        "编号" : 39,
        "名称" : "风力",
        "规格型号" : "胶桶",
        "数量" : 1,
        "建成日期" : 2012,
        "东经" : "113°31'42.50\"",
        "北纬" : "22°6'47.55\"",
        "负责人" : "谢卫华13676054970",
        "备注" : " ",
        "日常管理人" : "备勤8841261",
        "X" : 113.528472222,
        "Y" : 22.113208333300001
      },
      "geometry" : {
        "x" : 38451347.349744931,
        "y" : 2446412.6567469081
      }
    },
    {
      "attributes" : {
        "FID" : 39,
        "编号" : 40,
        "名称" : "风力",
        "规格型号" : "胶桶",
        "数量" : 1,
        "建成日期" : 2012,
        "东经" : "113°31'9.74\"",
        "北纬" : "22°6'38.24\"",
        "负责人" : "谢卫华13676054970",
        "备注" : " ",
        "日常管理人" : "备勤8841261",
        "X" : 113.519372222,
        "Y" : 22.1106222222
      },
      "geometry" : {
        "x" : 38450407.483745314,
        "y" : 2446129.2216594541
      }
    },
    {
      "attributes" : {
        "FID" : 40,
        "编号" : 41,
        "名称" : "风力",
        "规格型号" : "胶桶",
        "数量" : 1,
        "建成日期" : 2012,
        "东经" : "113°31'11.01\"",
        "北纬" : "22°6'43.36\"",
        "负责人" : "谢卫华13676054970",
        "备注" : " ",
        "日常管理人" : "备勤8841261",
        "X" : 113.51972499999999,
        "Y" : 22.112044444399999
      },
      "geometry" : {
        "x" : 38450444.381900407,
        "y" : 2446286.5960245556
      }
    },
    {
      "attributes" : {
        "FID" : 41,
        "编号" : 42,
        "名称" : "风力",
        "规格型号" : "水池",
        "数量" : 1,
        "建成日期" : 2013,
        "东经" : "113°32'10.86\"",
        "北纬" : "22°7'17.32\"",
        "负责人" : "谢卫华13676054970",
        "备注" : " ",
        "日常管理人" : "备勤8841261",
        "X" : 113.53635,
        "Y" : 22.121477777799999
      },
      "geometry" : {
        "x" : 38452162.988727003,
        "y" : 2447325.8725666092
      }
    },
    {
      "attributes" : {
        "FID" : 42,
        "编号" : 43,
        "名称" : "风力",
        "规格型号" : "水池",
        "数量" : 1,
        "建成日期" : 2013,
        "东经" : "113°32'7.62\"",
        "北纬" : "22°7'9.53\"",
        "负责人" : "谢卫华13676054970",
        "备注" : " ",
        "日常管理人" : "备勤8841261",
        "X" : 113.53545,
        "Y" : 22.119313888899999
      },
      "geometry" : {
        "x" : 38452069.398325607,
        "y" : 2447086.5384911401
      }
    },
    {
      "attributes" : {
        "FID" : 43,
        "编号" : 44,
        "名称" : "风力",
        "规格型号" : "水池",
        "数量" : 1,
        "建成日期" : 2013,
        "东经" : "113°31'55.25\"",
        "北纬" : "22°7'3.04\"",
        "负责人" : "谢卫华13676054970",
        "备注" : " ",
        "日常管理人" : "备勤8841261",
        "X" : 113.532013889,
        "Y" : 22.117511111100001
      },
      "geometry" : {
        "x" : 38451714.253104307,
        "y" : 2446887.9950161353
      }
    },
    {
      "attributes" : {
        "FID" : 44,
        "编号" : 45,
        "名称" : "风力",
        "规格型号" : "水池",
        "数量" : 1,
        "建成日期" : 2012,
        "东经" : "113°31'50.81\"",
        "北纬" : "22°6'53.31\"",
        "负责人" : "谢卫华13676054970",
        "备注" : " ",
        "日常管理人" : "备勤8841261",
        "X" : 113.530780556,
        "Y" : 22.114808333300001
      },
      "geometry" : {
        "x" : 38451586.075754508,
        "y" : 2446589.0959339277
      }
    },
    {
      "attributes" : {
        "FID" : 45,
        "编号" : 46,
        "名称" : "风力",
        "规格型号" : "水池",
        "数量" : 1,
        "建成日期" : 2013,
        "东经" : "113°31'47.73\"",
        "北纬" : "22°6'53.25\"",
        "负责人" : "谢卫华13676054970",
        "备注" : " ",
        "日常管理人" : "备勤8841261",
        "X" : 113.52992500000001,
        "Y" : 22.1147916667
      },
      "geometry" : {
        "x" : 38451497.792609811,
        "y" : 2446587.5227807485
      }
    },
    {
      "attributes" : {
        "FID" : 46,
        "编号" : 47,
        "名称" : "风力",
        "规格型号" : "水池",
        "数量" : 1,
        "建成日期" : 2013,
        "东经" : "113°31'47.73\"",
        "北纬" : "22°6'52.13\"",
        "负责人" : "谢卫华13676054970",
        "备注" : " ",
        "日常管理人" : "备勤8841261",
        "X" : 113.52992500000001,
        "Y" : 22.1144805556
      },
      "geometry" : {
        "x" : 38451497.686202116,
        "y" : 2446553.0720288316
      }
    },
    {
      "attributes" : {
        "FID" : 47,
        "编号" : 48,
        "名称" : "风力",
        "规格型号" : "水池",
        "数量" : 1,
        "建成日期" : 2013,
        "东经" : "113°31'46.51\"",
        "北纬" : "22°6'48.66\"",
        "负责人" : "谢卫华13676054970",
        "备注" : " ",
        "日常管理人" : "备勤8841261",
        "X" : 113.529586111,
        "Y" : 22.113516666700001
      },
      "geometry" : {
        "x" : 38451462.38918373,
        "y" : 2446446.4442573721
      }
    },
    {
      "attributes" : {
        "FID" : 48,
        "编号" : 49,
        "名称" : "风力",
        "规格型号" : "水池",
        "数量" : 1,
        "建成日期" : 2013,
        "东经" : "113°31'42.44\"",
        "北纬" : "22°6'47.24\"",
        "负责人" : "谢卫华13676054970",
        "备注" : " ",
        "日常管理人" : "备勤8841261",
        "X" : 113.528455556,
        "Y" : 22.113122222200001
      },
      "geometry" : {
        "x" : 38451345.600562073,
        "y" : 2446403.1265996951
      }
    },
    {
      "attributes" : {
        "FID" : 49,
        "编号" : 50,
        "名称" : "风力",
        "规格型号" : "水池",
        "数量" : 1,
        "建成日期" : 2013,
        "东经" : "113°31'41.08\"",
        "北纬" : "22°6'41.85\"",
        "负责人" : "谢卫华13676054970",
        "备注" : " ",
        "日常管理人" : "备勤8841261",
        "X" : 113.528077778,
        "Y" : 22.111625
      },
      "geometry" : {
        "x" : 38451306.106387332,
        "y" : 2446237.4531809441
      }
    },
    {
      "attributes" : {
        "FID" : 50,
        "编号" : 51,
        "名称" : "风力",
        "规格型号" : "水池",
        "数量" : 1,
        "建成日期" : 2013,
        "东经" : "113°31'35.23\"",
        "北纬" : "22°6'37.14\"",
        "负责人" : "谢卫华13676054970",
        "备注" : " ",
        "日常管理人" : "备勤8841261",
        "X" : 113.52645277800001,
        "Y" : 22.110316666700001
      },
      "geometry" : {
        "x" : 38451137.982118957,
        "y" : 2446093.0962308496
      }
    },
    {
      "attributes" : {
        "FID" : 51,
        "编号" : 52,
        "名称" : "风力",
        "规格型号" : "水池",
        "数量" : 1,
        "建成日期" : 2013,
        "东经" : "113°31'20.53\"",
        "北纬" : "22°6'35.91\"",
        "负责人" : "谢卫华13676054970",
        "备注" : " ",
        "日常管理人" : "备勤8841261",
        "X" : 113.52236944400001,
        "Y" : 22.109974999999999
      },
      "geometry" : {
        "x" : 38450716.525784239,
        "y" : 2446056.5783114592
      }
    },
    {
      "attributes" : {
        "FID" : 52,
        "编号" : 53,
        "名称" : "风力",
        "规格型号" : "水池",
        "数量" : 1,
        "建成日期" : 2013,
        "东经" : "113°31'25.29\"",
        "北纬" : "22°6'39.74\"",
        "负责人" : "谢卫华13676054970",
        "备注" : " ",
        "日常管理人" : "备勤8841261",
        "X" : 113.52369166699999,
        "Y" : 22.111038888900001
      },
      "geometry" : {
        "x" : 38450853.327961244,
        "y" : 2446173.9601057195
      }
    },
    {
      "attributes" : {
        "FID" : 53,
        "编号" : 54,
        "名称" : "风力",
        "规格型号" : "水池",
        "数量" : 1,
        "建成日期" : 2013,
        "东经" : "113°30'53.08\"",
        "北纬" : "22°6'37.55\"",
        "负责人" : "谢卫华13676054970",
        "备注" : " ",
        "日常管理人" : "备勤8841261",
        "X" : 113.514744444,
        "Y" : 22.110430555600001
      },
      "geometry" : {
        "x" : 38449929.90082904,
        "y" : 2446109.5125263473
      }
    },
    {
      "attributes" : {
        "FID" : 54,
        "编号" : 55,
        "名称" : "风力",
        "规格型号" : "水池",
        "数量" : 1,
        "建成日期" : 2014,
        "东经" : "113°31'24.21\"",
        "北纬" : "22°6'30.89\"",
        "负责人" : "谢卫华13676054970",
        "备注" : " ",
        "日常管理人" : "备勤8841261",
        "X" : 113.523391667,
        "Y" : 22.1085805556
      },
      "geometry" : {
        "x" : 38450821.520383373,
        "y" : 2445901.8345095846
      }
    },
    {
      "attributes" : {
        "FID" : 55,
        "编号" : 56,
        "名称" : "风力",
        "规格型号" : "水池",
        "数量" : 1,
        "建成日期" : 2014,
        "东经" : "113°31'13.24\"",
        "北纬" : "22°6'27.43\"",
        "负责人" : "谢卫华13676054970",
        "备注" : " ",
        "日常管理人" : "备勤8841261",
        "X" : 113.520344444,
        "Y" : 22.107619444400001
      },
      "geometry" : {
        "x" : 38450506.754309908,
        "y" : 2445796.3938269578
      }
    },
    {
      "attributes" : {
        "FID" : 56,
        "编号" : 57,
        "名称" : "风力",
        "规格型号" : "水池",
        "数量" : 1,
        "建成日期" : 2013,
        "东经" : "113°30'56.16\"",
        "北纬" : "22°6'20.61\"",
        "负责人" : "谢卫华13676054970",
        "备注" : " ",
        "日常管理人" : "备勤8841261",
        "X" : 113.51560000000001,
        "Y" : 22.105725
      },
      "geometry" : {
        "x" : 38450016.523141176,
        "y" : 2445588.1633346803
      }
    },
    {
      "attributes" : {
        "FID" : 57,
        "编号" : 58,
        "名称" : "风力",
        "规格型号" : "水池",
        "数量" : 1,
        "建成日期" : 2014,
        "东经" : "113°30'49.78\"",
        "北纬" : "22°6'17.27\"",
        "负责人" : "谢卫华13676054970",
        "备注" : " ",
        "日常管理人" : "备勤8841261",
        "X" : 113.51382777800001,
        "Y" : 22.104797222199998
      },
      "geometry" : {
        "x" : 38449833.322769202,
        "y" : 2445486.0090990439
      }
    },
    {
      "attributes" : {
        "FID" : 58,
        "编号" : 59,
        "名称" : "风力",
        "规格型号" : "水池",
        "数量" : 1,
        "建成日期" : 2013,
        "东经" : "113°30'53.00\"",
        "北纬" : "22°6'21.85\"",
        "负责人" : "谢卫华13676054970",
        "备注" : " ",
        "日常管理人" : "备勤8841261",
        "X" : 113.514722222,
        "Y" : 22.106069444399999
      },
      "geometry" : {
        "x" : 38449926.068428501,
        "y" : 2445626.5936940983
      }
    },
    {
      "attributes" : {
        "FID" : 59,
        "编号" : 60,
        "名称" : "风力",
        "规格型号" : "水池",
        "数量" : 1,
        "建成日期" : 2013,
        "东经" : "113°30'43.42\"",
        "北纬" : "22°6'17.84\"",
        "负责人" : "谢卫华13676054970",
        "备注" : " ",
        "日常管理人" : "备勤8841261",
        "X" : 113.51206111099999,
        "Y" : 22.1049555556
      },
      "geometry" : {
        "x" : 38449651.078627102,
        "y" : 2445504.125254632
      }
    },
    {
      "attributes" : {
        "FID" : 60,
        "编号" : 61,
        "名称" : "风力",
        "规格型号" : "水池",
        "数量" : 1,
        "建成日期" : 2014,
        "东经" : "113°30'32.04\"",
        "北纬" : "22°6'14.25\"",
        "负责人" : "谢卫华13676054970",
        "备注" : " ",
        "日常管理人" : "备勤8841261",
        "X" : 113.5089,
        "Y" : 22.1039583333
      },
      "geometry" : {
        "x" : 38449324.531330623,
        "y" : 2445394.7469135677
      }
    },
    {
      "attributes" : {
        "FID" : 61,
        "编号" : 62,
        "名称" : "风力",
        "规格型号" : "水池",
        "数量" : 1,
        "建成日期" : 2013,
        "东经" : "113°30'21.99\"",
        "北纬" : "22°6'10.23\"",
        "负责人" : "谢卫华13676054970",
        "备注" : " ",
        "日常管理人" : "备勤8841261",
        "X" : 113.506108333,
        "Y" : 22.102841666700002
      },
      "geometry" : {
        "x" : 38449036.059473835,
        "y" : 2445272.0249557295
      }
    },
    {
      "attributes" : {
        "FID" : 62,
        "编号" : 63,
        "名称" : "红旗村菜地",
        "规格型号" : "水池",
        "数量" : 1,
        "建成日期" : 2012,
        "东经" : "113°32'31.33\"",
        "北纬" : "22°6'49.18\"",
        "负责人" : "谢卫华13676054970",
        "备注" : " ",
        "日常管理人" : "备勤8841261",
        "X" : 113.542036111,
        "Y" : 22.113661111100001
      },
      "geometry" : {
        "x" : 38452747.056411684,
        "y" : 2446458.5213068314
      }
    },
    {
      "attributes" : {
        "FID" : 63,
        "编号" : 64,
        "名称" : "红旗村旧学校",
        "规格型号" : "不锈钢桶",
        "数量" : 1,
        "建成日期" : 2015,
        "东经" : "113°32'39.51\"",
        "北纬" : "22°6'49.57\"",
        "负责人" : "谢卫华13676054970",
        "备注" : " ",
        "日常管理人" : "备勤8841261",
        "X" : 113.544308333,
        "Y" : 22.113769444399999
      },
      "geometry" : {
        "x" : 38452981.544909611,
        "y" : 2446469.813815027
      }
    },
    {
      "attributes" : {
        "FID" : 64,
        "编号" : 65,
        "名称" : "气压站",
        "规格型号" : "水池",
        "数量" : 1,
        "建成日期" : 2015,
        "东经" : "113°31'48.77\"",
        "北纬" : "22°6'17.78\"",
        "负责人" : "谢卫华13676054970",
        "备注" : " ",
        "日常管理人" : "备勤8841261",
        "X" : 113.530213889,
        "Y" : 22.104938888900001
      },
      "geometry" : {
        "x" : 38451524.233447842,
        "y" : 2445496.388355189
      }
    },
    {
      "attributes" : {
        "FID" : 65,
        "编号" : 66,
        "名称" : "隧道口",
        "规格型号" : "水池",
        "数量" : 1,
        "建成日期" : 2015,
        "东经" : "113°31'33.41\"",
        "北纬" : "22°6'7.39\"",
        "负责人" : "谢卫华13676054970",
        "备注" : " ",
        "日常管理人" : "备勤8841261",
        "X" : 113.525947222,
        "Y" : 22.102052777800001
      },
      "geometry" : {
        "x" : 38451082.967144571,
        "y" : 2445178.1610313929
      }
    },
    {
      "attributes" : {
        "FID" : 66,
        "编号" : 67,
        "名称" : "望天台水库",
        "规格型号" : "水池",
        "数量" : 1,
        "建成日期" : 2014,
        "东经" : "113°29'59.76\"",
        "北纬" : "22°5'51.22\"",
        "负责人" : "谢卫华13676054970",
        "备注" : " ",
        "日常管理人" : "李权培13672713945",
        "X" : 113.499933333,
        "Y" : 22.097561111099999
      },
      "geometry" : {
        "x" : 38448396.938747711,
        "y" : 2444689.3637995715
      }
    },
    {
      "attributes" : {
        "FID" : 67,
        "编号" : 68,
        "名称" : "望天台水库",
        "规格型号" : "不锈钢桶",
        "数量" : 1,
        "建成日期" : 2015,
        "东经" : "113°29'55.73\"",
        "北纬" : "22°5'43.96\"",
        "负责人" : "谢卫华13676054970",
        "备注" : " ",
        "日常管理人" : "李权培13672713945",
        "X" : 113.498813889,
        "Y" : 22.095544444400002
      },
      "geometry" : {
        "x" : 38448280.683719166,
        "y" : 2444466.4285593801
      }
    },
    {
      "attributes" : {
        "FID" : 68,
        "编号" : 69,
        "名称" : "长隆大道",
        "规格型号" : "水池",
        "数量" : 1,
        "建成日期" : 2014,
        "东经" : "113°29'35.62\"",
        "北纬" : "22°5'53.39\"",
        "负责人" : "谢卫华13676054970",
        "备注" : " ",
        "日常管理人" : "李权培13672713945",
        "X" : 113.493227778,
        "Y" : 22.0981638889
      },
      "geometry" : {
        "x" : 38447705.185838848,
        "y" : 2444758.3994961618
      }
    },
    {
      "attributes" : {
        "FID" : 69,
        "编号" : 70,
        "名称" : "长隆大道",
        "规格型号" : "水池",
        "数量" : 1,
        "建成日期" : 2014,
        "东经" : "113°29'41.74\"",
        "北纬" : "22°5'26.27\"",
        "负责人" : "谢卫华13676054970",
        "备注" : " ",
        "日常管理人" : "李权培13672713945",
        "X" : 113.494927778,
        "Y" : 22.090630555600001
      },
      "geometry" : {
        "x" : 38447877.849420406,
        "y" : 2443923.6152829505
      }
    },
    {
      "attributes" : {
        "FID" : 70,
        "编号" : 71,
        "名称" : "西环隧道旁",
        "规格型号" : "水池",
        "数量" : 1,
        "建成日期" : 2015,
        "东经" : "113°28'31.68\"",
        "北纬" : "22°5'49.26\"",
        "负责人" : "谢卫华13676054970",
        "备注" : " ",
        "日常管理人" : "李权培13672713945",
        "X" : 113.47546666700001,
        "Y" : 22.0970166667
      },
      "geometry" : {
        "x" : 38445871.908289559,
        "y" : 2444637.5674520833
      }
    },
    {
      "attributes" : {
        "FID" : 71,
        "编号" : 72,
        "名称" : "深井排洪渠旁",
        "规格型号" : "水池",
        "数量" : 1,
        "建成日期" : 2013,
        "东经" : "113°28'31.68\"",
        "北纬" : "22°5'25.01\"",
        "负责人" : "谢卫华13676054970",
        "备注" : " ",
        "日常管理人" : "李权培13672713945",
        "X" : 113.47546666700001,
        "Y" : 22.0902805556
      },
      "geometry" : {
        "x" : 38445869.339757957,
        "y" : 2443891.6445873198
      }
    },
    {
      "attributes" : {
        "FID" : 72,
        "编号" : 73,
        "名称" : "旧水文站",
        "规格型号" : "胶桶",
        "数量" : 1,
        "建成日期" : 2012,
        "东经" : "113°29'3.51\"",
        "北纬" : "22°5'3.66\"",
        "负责人" : "谢卫华13676054970",
        "备注" : " ",
        "日常管理人" : "吴桂培13697711986",
        "X" : 113.484308333,
        "Y" : 22.084350000000001
      },
      "geometry" : {
        "x" : 38446779.575110719,
        "y" : 2443231.8109822478
      }
    },
    {
      "attributes" : {
        "FID" : 73,
        "编号" : 74,
        "名称" : "旧水文站",
        "规格型号" : "水池",
        "数量" : 1,
        "建成日期" : 2013,
        "东经" : "113°29'4.63\"",
        "北纬" : "22°5'1.73\"",
        "负责人" : "谢卫华13676054970",
        "备注" : " ",
        "日常管理人" : "吴桂培13697711986",
        "X" : 113.484619444,
        "Y" : 22.0838138889
      },
      "geometry" : {
        "x" : 38446811.482248887,
        "y" : 2443172.3362609758
      }
    },
    {
      "attributes" : {
        "FID" : 74,
        "编号" : 75,
        "名称" : "石栏洲监控室旁",
        "规格型号" : "水池",
        "数量" : 1,
        "建成日期" : 2013,
        "东经" : "113°30'0.32\"",
        "北纬" : "22°4'20.00\"",
        "负责人" : "谢卫华13676054970",
        "备注" : " ",
        "日常管理人" : "吴桂培13697711986",
        "X" : 113.500088889,
        "Y" : 22.072222222200001
      },
      "geometry" : {
        "x" : 38448403.786385871,
        "y" : 2441883.4215002498
      }
    },
    {
      "attributes" : {
        "FID" : 75,
        "编号" : 76,
        "名称" : "石栏洲",
        "规格型号" : "胶桶",
        "数量" : 1,
        "建成日期" : 2012,
        "东经" : "113°29'53.02\"",
        "北纬" : "22°3'50.46\"",
        "负责人" : "谢卫华13676054970",
        "备注" : " ",
        "日常管理人" : "詹卫国13536506083",
        "X" : 113.498061111,
        "Y" : 22.064016666699999
      },
      "geometry" : {
        "x" : 38448191.503228948,
        "y" : 2440975.4725381862
      }
    },
    {
      "attributes" : {
        "FID" : 76,
        "编号" : 77,
        "名称" : "石栏洲牌坊",
        "规格型号" : "水池",
        "数量" : 1,
        "建成日期" : 2015,
        "东经" : "113°30'4.26\"",
        "北纬" : "22°3'58.34\"",
        "负责人" : "谢卫华13676054970",
        "备注" : " ",
        "日常管理人" : "詹卫国13536506083",
        "X" : 113.501183333,
        "Y" : 22.0662055556
      },
      "geometry" : {
        "x" : 38448514.567453191,
        "y" : 2441216.8002179801
      }
    },
    {
      "attributes" : {
        "FID" : 77,
        "编号" : 78,
        "名称" : "石栏洲监控室",
        "规格型号" : "水池",
        "数量" : 1,
        "建成日期" : 2015,
        "东经" : "113°30'6.31\"",
        "北纬" : "22°4'20.76\"",
        "负责人" : "谢卫华13676054970",
        "备注" : " ",
        "日常管理人" : "詹卫国13536506083",
        "X" : 113.501752778,
        "Y" : 22.072433333300001
      },
      "geometry" : {
        "x" : 38448575.597187079,
        "y" : 2441906.2366075483
      }
    },
    {
      "attributes" : {
        "FID" : 78,
        "编号" : 79,
        "名称" : "长栏湾",
        "规格型号" : "水池",
        "数量" : 1,
        "建成日期" : 2013,
        "东经" : "113°30'16.51\"",
        "北纬" : "22°4'20.95\"",
        "负责人" : "谢卫华13676054970",
        "备注" : " ",
        "日常管理人" : "詹卫国13536506083",
        "X" : 113.50458611099999,
        "Y" : 22.072486111100002
      },
      "geometry" : {
        "x" : 38448868.051502705,
        "y" : 2441911.1279956941
      }
    },
    {
      "attributes" : {
        "FID" : 79,
        "编号" : 80,
        "名称" : "长栏湾",
        "规格型号" : "水池",
        "数量" : 1,
        "建成日期" : 2013,
        "东经" : "113°30'24.27\"",
        "北纬" : "22°4'26.86\"",
        "负责人" : "谢卫华13676054970",
        "备注" : " ",
        "日常管理人" : "詹卫国13536506083",
        "X" : 113.506741667,
        "Y" : 22.074127777800001
      },
      "geometry" : {
        "x" : 38449091.119776435,
        "y" : 2442092.1954445248
      }
    },
    {
      "attributes" : {
        "FID" : 80,
        "编号" : 81,
        "名称" : "长栏湾",
        "规格型号" : "水池",
        "数量" : 1,
        "建成日期" : 2013,
        "东经" : "113°30'24.27\"",
        "北纬" : "22°4'26.86\"",
        "负责人" : "谢卫华13676054970",
        "备注" : " ",
        "日常管理人" : "詹卫国13536506083",
        "X" : 113.506741667,
        "Y" : 22.074127777800001
      },
      "geometry" : {
        "x" : 38449091.119776435,
        "y" : 2442092.1954445248
      }
    },
    {
      "attributes" : {
        "FID" : 81,
        "编号" : 82,
        "名称" : "长栏湾",
        "规格型号" : "水池",
        "数量" : 1,
        "建成日期" : 2013,
        "东经" : "113°30'52.97\"",
        "北纬" : "22°4'45.48\"",
        "负责人" : "谢卫华13676054970",
        "备注" : " ",
        "日常管理人" : "詹卫国13536506083",
        "X" : 113.51471388900001,
        "Y" : 22.0793
      },
      "geometry" : {
        "x" : 38449915.765387811,
        "y" : 2442662.2968568001
      }
    },
    {
      "attributes" : {
        "FID" : 82,
        "编号" : 83,
        "名称" : "长栏湾",
        "规格型号" : "水池",
        "数量" : 1,
        "建成日期" : 2013,
        "东经" : "113°31'18.70\"",
        "北纬" : "22°5'2.24\"",
        "负责人" : "谢卫华13676054970",
        "备注" : " ",
        "日常管理人" : "詹卫国13536506083",
        "X" : 113.52186111100001,
        "Y" : 22.083955555599999
      },
      "geometry" : {
        "x" : 38450655.028372772,
        "y" : 2443175.4949194579
      }
    },
    {
      "attributes" : {
        "FID" : 83,
        "编号" : 84,
        "名称" : "旧村背山脚",
        "规格型号" : "水池",
        "数量" : 1,
        "建成日期" : 2015,
        "东经" : "113°31'24.61\"",
        "北纬" : "22°5'25.14\"",
        "负责人" : "谢卫华13676054970",
        "备注" : " ",
        "日常管理人" : "备勤8841261",
        "X" : 113.52350277799999,
        "Y" : 22.090316666700001
      },
      "geometry" : {
        "x" : 38450826.657569937,
        "y" : 2443879.3572304817
      }
    },
    {
      "attributes" : {
        "FID" : 84,
        "编号" : 85,
        "名称" : "旧村背山顶",
        "规格型号" : "水池",
        "数量" : 1,
        "建成日期" : 2015,
        "东经" : "113°31'24.61\"",
        "北纬" : "22°5'25.14\"",
        "负责人" : "谢卫华13676054970",
        "备注" : " ",
        "日常管理人" : "备勤8841261",
        "X" : 113.52350277799999,
        "Y" : 22.090316666700001
      },
      "geometry" : {
        "x" : 38450826.657569937,
        "y" : 2443879.3572304817
      }
    },
    {
      "attributes" : {
        "FID" : 85,
        "编号" : 86,
        "名称" : "旧村背",
        "规格型号" : "水池",
        "数量" : 1,
        "建成日期" : 2014,
        "东经" : "113°31'24.12\"",
        "北纬" : "22°5'28.70\"",
        "负责人" : "谢卫华13676054970",
        "备注" : " ",
        "日常管理人" : "备勤8841261",
        "X" : 113.523366667,
        "Y" : 22.091305555600002
      },
      "geometry" : {
        "x" : 38450812.953607023,
        "y" : 2443988.9051077315
      }
    },
    {
      "attributes" : {
        "FID" : 86,
        "编号" : 87,
        "名称" : "旧村背",
        "规格型号" : "水池",
        "数量" : 1,
        "建成日期" : 2015,
        "东经" : "113°31'25.21\"",
        "北纬" : "22°5'34.70\"",
        "负责人" : "谢卫华13676054970",
        "备注" : " ",
        "日常管理人" : "备勤8841261",
        "X" : 113.52366944400001,
        "Y" : 22.0929722222
      },
      "geometry" : {
        "x" : 38450844.776819937,
        "y" : 2444173.3645951529
      }
    },
    {
      "attributes" : {
        "FID" : 87,
        "编号" : 88,
        "名称" : "旧村背",
        "规格型号" : "水池",
        "数量" : 1,
        "建成日期" : 2013,
        "东经" : "113°31'27.16\"",
        "北纬" : "22°5'36.15\"",
        "负责人" : "谢卫华13676054970",
        "备注" : " ",
        "日常管理人" : "备勤8841261",
        "X" : 113.524211111,
        "Y" : 22.093375000000002
      },
      "geometry" : {
        "x" : 38450900.814711437,
        "y" : 2444217.7912403876
      }
    },
    {
      "attributes" : {
        "FID" : 88,
        "编号" : 89,
        "名称" : "旧村背",
        "规格型号" : "水池",
        "数量" : 1,
        "建成日期" : 2013,
        "东经" : "113°31'34.36\"",
        "北纬" : "22°5'43.04\"",
        "负责人" : "谢卫华13676054970",
        "备注" : " ",
        "日常管理人" : "备勤8841261",
        "X" : 113.52621111099999,
        "Y" : 22.095288888900001
      },
      "geometry" : {
        "x" : 38451107.86794211,
        "y" : 2444429.0811593914
      }
    },
    {
      "attributes" : {
        "FID" : 89,
        "编号" : 90,
        "名称" : "旧村",
        "规格型号" : "胶桶",
        "数量" : 1,
        "建成日期" : 2012,
        "东经" : "113°31'39.95\"",
        "北纬" : "22°5'38.50\"",
        "负责人" : "谢卫华13676054970",
        "备注" : " ",
        "日常管理人" : "备勤8841261",
        "X" : 113.527763889,
        "Y" : 22.094027777800001
      },
      "geometry" : {
        "x" : 38451267.674871199,
        "y" : 2444288.9352692761
      }
    },
    {
      "attributes" : {
        "FID" : 90,
        "编号" : 91,
        "名称" : "长寿路",
        "规格型号" : "水池",
        "数量" : 1,
        "建成日期" : 2014,
        "东经" : "113°32'3.96\"",
        "北纬" : "22°5'42.73\"",
        "负责人" : "谢卫华13676054970",
        "备注" : " ",
        "日常管理人" : "备勤8841261",
        "X" : 113.534433333,
        "Y" : 22.095202777800001
      },
      "geometry" : {
        "x" : 38451956.335706569,
        "y" : 2444416.9293580172
      }
    },
    {
      "attributes" : {
        "FID" : 91,
        "编号" : 92,
        "名称" : "长寿路",
        "规格型号" : "胶桶",
        "数量" : 1,
        "建成日期" : 2012,
        "东经" : "113°31'59.98\"",
        "北纬" : "22°5'38.90\"",
        "负责人" : "谢卫华13676054970",
        "备注" : "报废",
        "日常管理人" : "备勤8841261",
        "X" : 113.533327778,
        "Y" : 22.094138888900002
      },
      "geometry" : {
        "x" : 38451841.886366226,
        "y" : 2444299.4695386412
      }
    },
    {
      "attributes" : {
        "FID" : 92,
        "编号" : 93,
        "名称" : "长寿路",
        "规格型号" : "水池",
        "数量" : 1,
        "建成日期" : 2013,
        "东经" : "113°31'57.14\"",
        "北纬" : "22°5'35.31\"",
        "负责人" : "谢卫华13676054970",
        "备注" : " ",
        "日常管理人" : "备勤8841261",
        "X" : 113.53253888899999,
        "Y" : 22.093141666699999
      },
      "geometry" : {
        "x" : 38451760.137005121,
        "y" : 2444189.2925073816
      }
    },
    {
      "attributes" : {
        "FID" : 93,
        "编号" : 94,
        "名称" : "长寿路",
        "规格型号" : "胶桶",
        "数量" : 1,
        "建成日期" : 2012,
        "东经" : "113°31'48.07\"",
        "北纬" : "22°5'34.42\"",
        "负责人" : "谢卫华13676054970",
        "备注" : " ",
        "日常管理人" : "备勤8841261",
        "X" : 113.530019444,
        "Y" : 22.092894444399999
      },
      "geometry" : {
        "x" : 38451500.053067312,
        "y" : 2444162.7165310006
      }
    },
    {
      "attributes" : {
        "FID" : 94,
        "编号" : 95,
        "名称" : "长寿路",
        "规格型号" : "水池",
        "数量" : 1,
        "建成日期" : 2014,
        "东经" : "113°32'2.45\"",
        "北纬" : "22°5'33.71\"",
        "负责人" : "谢卫华13676054970",
        "备注" : " ",
        "日常管理人" : "备勤8841261",
        "X" : 113.53401388899999,
        "Y" : 22.092697222200002
      },
      "geometry" : {
        "x" : 38451912.202183656,
        "y" : 2444139.6109259976
      }
    },
    {
      "attributes" : {
        "FID" : 95,
        "编号" : 96,
        "名称" : "长寿路",
        "规格型号" : "水池",
        "数量" : 1,
        "建成日期" : 2014,
        "东经" : "113°32'3.91\"",
        "北纬" : "22°5'31.64\"",
        "负责人" : "谢卫华13676054970",
        "备注" : " ",
        "日常管理人" : "备勤8841261",
        "X" : 113.53441944399999,
        "Y" : 22.0921222222
      },
      "geometry" : {
        "x" : 38451953.859814331,
        "y" : 2444075.8107856503
      }
    },
    {
      "attributes" : {
        "FID" : 96,
        "编号" : 97,
        "名称" : "长寿路",
        "规格型号" : "不锈钢桶",
        "数量" : 1,
        "建成日期" : 2015,
        "东经" : "113°32'6.25\"",
        "北纬" : "22°5'25.28\"",
        "负责人" : "谢卫华13676054970",
        "备注" : " ",
        "日常管理人" : "备勤8841261",
        "X" : 113.535069444,
        "Y" : 22.090355555599999
      },
      "geometry" : {
        "x" : 38452020.341374613,
        "y" : 2443879.9755276931
      }
    },
    {
      "attributes" : {
        "FID" : 97,
        "编号" : 98,
        "名称" : "长寿路",
        "规格型号" : "不锈钢桶",
        "数量" : 1,
        "建成日期" : 2015,
        "东经" : "113°32'1.19\"",
        "北纬" : "22°5'22.45\"",
        "负责人" : "谢卫华13676054970",
        "备注" : " ",
        "日常管理人" : "备勤8841261",
        "X" : 113.533663889,
        "Y" : 22.089569444399999
      },
      "geometry" : {
        "x" : 38451875.022893406,
        "y" : 2443793.3694658512
      }
    },
    {
      "attributes" : {
        "FID" : 98,
        "编号" : 99,
        "名称" : "长寿路",
        "规格型号" : "不锈钢桶",
        "数量" : 1,
        "建成日期" : 2015,
        "东经" : "113°32'5.95\"",
        "北纬" : "22°5'20.88\"",
        "负责人" : "谢卫华13676054970",
        "备注" : " ",
        "日常管理人" : "备勤8841261",
        "X" : 113.53498611099999,
        "Y" : 22.089133333300001
      },
      "geometry" : {
        "x" : 38452011.32839755,
        "y" : 2443744.6600009361
      }
    }
  ]
}