{
  "displayFieldName" : "",
  "fieldAliases" : {
    "FID" : "FID",
    "编号" : "编号",
    "名称" : "名称",
    "规格型号" : "规格型号",
    "数量" : "数量",
    "建成日起" : "建成日起",
    "东经" : "东经",
    "北纬" : "北纬",
    "负责人" : "负责人",
    "备注" : "备注",
    "日常管理人" : "日常管理人",
    "X" : "X",
    "Y" : "Y"
  },
  "geometryType" : "esriGeometryPoint",
  "spatialReference" : {
    "wkid" : 2362,
    "latestWkid" : 2362
  },
  "fields" : [
    {
      "name" : "FID",
      "type" : "esriFieldTypeOID",
      "alias" : "FID"
    },
    {
      "name" : "编号",
      "type" : "esriFieldTypeDouble",
      "alias" : "编号"
    },
    {
      "name" : "名称",
      "type" : "esriFieldTypeString",
      "alias" : "名称",
      "length" : 254
    },
    {
      "name" : "规格型号",
      "type" : "esriFieldTypeString",
      "alias" : "规格型号",
      "length" : 254
    },
    {
      "name" : "数量",
      "type" : "esriFieldTypeDouble",
      "alias" : "数量"
    },
    {
      "name" : "建成日起",
      "type" : "esriFieldTypeString",
      "alias" : "建成日起",
      "length" : 254
    },
    {
      "name" : "东经",
      "type" : "esriFieldTypeString",
      "alias" : "东经",
      "length" : 254
    },
    {
      "name" : "北纬",
      "type" : "esriFieldTypeString",
      "alias" : "北纬",
      "length" : 254
    },
    {
      "name" : "负责人",
      "type" : "esriFieldTypeString",
      "alias" : "负责人",
      "length" : 254
    },
    {
      "name" : "备注",
      "type" : "esriFieldTypeString",
      "alias" : "备注",
      "length" : 254
    },
    {
      "name" : "日常管理人",
      "type" : "esriFieldTypeString",
      "alias" : "日常管理人",
      "length" : 50
    },
    {
      "name" : "X",
      "type" : "esriFieldTypeDouble",
      "alias" : "X"
    },
    {
      "name" : "Y",
      "type" : "esriFieldTypeDouble",
      "alias" : "Y"
    }
  ],
  "features" : [
    {
      "attributes" : {
        "FID" : 0,
        "编号" : 1,
        "名称" : "洋环果园",
        "规格型号" : "警示牌",
        "数量" : 1,
        "建成日起" : "2013.8",
        "东经" : "113°31'41.21\"",
        "北纬" : "22°9'6.65\"",
        "负责人" : "谢卫华13676054970",
        "备注" : " ",
        "日常管理人" : "备勤8841261",
        "X" : 113.528113889,
        "Y" : 22.151847222200001
      },
      "geometry" : {
        "x" : 38451323.652628481,
        "y" : 2450691.4419504269
      }
    },
    {
      "attributes" : {
        "FID" : 1,
        "编号" : 2,
        "名称" : "洋环横琴大桥南东面",
        "规格型号" : "警示牌",
        "数量" : 1,
        "建成日起" : "2016.1",
        "东经" : "113°31'12.55\"",
        "北纬" : "22°07'43.33\"",
        "负责人" : "谢卫华13676054970",
        "备注" : " ",
        "日常管理人" : "备勤8841261",
        "X" : 113.520152778,
        "Y" : 22.128702777800001
      },
      "geometry" : {
        "x" : 38450494.33898633,
        "y" : 2448131.1132588424
      }
    },
    {
      "attributes" : {
        "FID" : 2,
        "编号" : 3,
        "名称" : "横琴大桥南",
        "规格型号" : "警示牌",
        "数量" : 1,
        "建成日起" : "2014.9",
        "东经" : "113°30'53.47\"",
        "北纬" : "22°9'9.93\"",
        "负责人" : "谢卫华13676054970",
        "备注" : " ",
        "日常管理人" : "备勤8841261",
        "X" : 113.51485277800001,
        "Y" : 22.1527583333
      },
      "geometry" : {
        "x" : 38449956.031536348,
        "y" : 2450796.6419673841
      }
    },
    {
      "attributes" : {
        "FID" : 3,
        "编号" : 4,
        "名称" : "变电站路口",
        "规格型号" : "警示牌",
        "数量" : 1,
        "建成日起" : "2016.1O",
        "东经" : "113°30'07.21\"",
        "北纬" : "22°8'53.77\"",
        "负责人" : "谢卫华13676054970",
        "备注" : " ",
        "日常管理人" : "邬新庭13680372922",
        "X" : 113.502002778,
        "Y" : 22.1482694444
      },
      "geometry" : {
        "x" : 38448628.873915993,
        "y" : 2450303.8515666379
      }
    },
    {
      "attributes" : {
        "FID" : 4,
        "编号" : 5,
        "名称" : "水泥厂背后",
        "规格型号" : "警示牌",
        "数量" : 1,
        "建成日起" : "2013.8",
        "东经" : "113°29'46.34\"",
        "北纬" : "22°8'48.87\"",
        "负责人" : "谢卫华13676054970",
        "备注" : " ",
        "日常管理人" : "邬新庭13680372922",
        "X" : 113.49620555600001,
        "Y" : 22.146908333300001
      },
      "geometry" : {
        "x" : 38448030.348206438,
        "y" : 2450155.0994493528
      }
    },
    {
      "attributes" : {
        "FID" : 5,
        "编号" : 6,
        "名称" : "白沙栏",
        "规格型号" : "警示牌",
        "数量" : 1,
        "建成日起" : "2013.8",
        "东经" : "113°29'26.51\"",
        "北纬" : "22°8'38.44\"",
        "负责人" : "谢卫华13676054970",
        "备注" : " ",
        "日常管理人" : "邬新庭13680372922",
        "X" : 113.49069722199999,
        "Y" : 22.144011111099999
      },
      "geometry" : {
        "x" : 38447461.04219009,
        "y" : 2449836.1681541768
      }
    },
    {
      "attributes" : {
        "FID" : 6,
        "编号" : 7,
        "名称" : "隧道股份公    司左旁山嘴",
        "规格型号" : "警示牌",
        "数量" : 1,
        "建成日起" : "2016.1O",
        "东经" : "113°29'11.79\"",
        "北纬" : "22°8'40.27\"",
        "负责人" : "谢卫华13676054970",
        "备注" : " ",
        "日常管理人" : "邬新庭13680372922",
        "X" : 113.48660833300001,
        "Y" : 22.1445194444
      },
      "geometry" : {
        "x" : 38447039.420178607,
        "y" : 2449893.877716173
      }
    },
    {
      "attributes" : {
        "FID" : 7,
        "编号" : 8,
        "名称" : "检测中心",
        "规格型号" : "警示牌",
        "数量" : 1,
        "建成日起" : "2016.1O",
        "东经" : "113°28'28.33\"",
        "北纬" : "22°8'19.13\"",
        "负责人" : "谢卫华13676054970",
        "备注" : " ",
        "日常管理人" : "邬新庭13680372922",
        "X" : 113.47453611100001,
        "Y" : 22.138647222199999
      },
      "geometry" : {
        "x" : 38445791.798417732,
        "y" : 2449247.869584701
      }
    },
    {
      "attributes" : {
        "FID" : 8,
        "编号" : 9,
        "名称" : "西提北",
        "规格型号" : "警示牌",
        "数量" : 1,
        "建成日起" : "2015.11",
        "东经" : "113°28'0.61\"",
        "北纬" : "22°7'48.39\"",
        "负责人" : "谢卫华13676054970",
        "备注" : " ",
        "日常管理人" : "邬新庭13680372922",
        "X" : 113.46683611100001,
        "Y" : 22.130108333300001
      },
      "geometry" : {
        "x" : 38444994.114936881,
        "y" : 2448305.0762262521
      }
    },
    {
      "attributes" : {
        "FID" : 9,
        "编号" : 10,
        "名称" : "小横琴西提防火林",
        "规格型号" : "警示牌",
        "数量" : 1,
        "建成日起" : "2016.1",
        "东经" : "113°31'07.20\"",
        "北纬" : "22°04'52.62\"",
        "负责人" : "谢卫华13676054970",
        "备注" : " ",
        "日常管理人" : "梁华祥13250063392",
        "X" : 113.51866666700001,
        "Y" : 22.0812833333
      },
      "geometry" : {
        "x" : 38450324.414665088,
        "y" : 2442880.6261870959
      }
    },
    {
      "attributes" : {
        "FID" : 10,
        "编号" : 11,
        "名称" : "横琴公社路口",
        "规格型号" : "警示牌",
        "数量" : 1,
        "建成日起" : "2015.11",
        "东经" : "113°28'59.94\"",
        "北纬" : "22°7'44.07\"",
        "负责人" : "谢卫华13676054970",
        "备注" : " ",
        "日常管理人" : "梁华祥13250063392",
        "X" : 113.483316667,
        "Y" : 22.1289083333
      },
      "geometry" : {
        "x" : 38446693.976671375,
        "y" : 2448166.3253919957
      }
    },
    {
      "attributes" : {
        "FID" : 11,
        "编号" : 12,
        "名称" : "横琴公社球场",
        "规格型号" : "警示牌",
        "数量" : 1,
        "建成日起" : "2013.8",
        "东经" : "113°28'59.07\"",
        "北纬" : "22°8'0.92\"",
        "负责人" : "谢卫华13676054970",
        "备注" : " ",
        "日常管理人" : "梁华祥13250063392",
        "X" : 113.483075,
        "Y" : 22.1335888889
      },
      "geometry" : {
        "x" : 38446670.805183917,
        "y" : 2448684.7130719419
      }
    },
    {
      "attributes" : {
        "FID" : 12,
        "编号" : 13,
        "名称" : "指挥部上山路口",
        "规格型号" : "警示牌",
        "数量" : 1,
        "建成日起" : "2014.9",
        "东经" : "113°29'0.07\"",
        "北纬" : "22°8'6.96\"",
        "负责人" : "谢卫华13676054970",
        "备注" : " ",
        "日常管理人" : "梁华祥13250063392",
        "X" : 113.483352778,
        "Y" : 22.135266666700002
      },
      "geometry" : {
        "x" : 38446700.094286613,
        "y" : 2448870.4050586186
      }
    },
    {
      "attributes" : {
        "FID" : 13,
        "编号" : 14,
        "名称" : "向阳村西榕树头",
        "规格型号" : "警示牌",
        "数量" : 1,
        "建成日起" : "2016.1O",
        "东经" : "113°29'10.84\"",
        "北纬" : "22°8'06.14\"",
        "负责人" : "谢卫华13676054970",
        "备注" : " ",
        "日常管理人" : "梁华祥13250063392",
        "X" : 113.486344444,
        "Y" : 22.135038888899999
      },
      "geometry" : {
        "x" : 38447008.650255673,
        "y" : 2448844.1363608423
      }
    },
    {
      "attributes" : {
        "FID" : 14,
        "编号" : 15,
        "名称" : "向阳村口",
        "规格型号" : "警示牌",
        "数量" : 1,
        "建成日起" : "2013.8",
        "东经" : "113°29'21.00\"",
        "北纬" : "22°8'11.82\"",
        "负责人" : "谢卫华13676054970",
        "备注" : " ",
        "日常管理人" : "梁华祥13250063392",
        "X" : 113.48916666700001,
        "Y" : 22.1366166667
      },
      "geometry" : {
        "x" : 38447300.397846803,
        "y" : 2449017.8712718007
      }
    },
    {
      "attributes" : {
        "FID" : 15,
        "编号" : 16,
        "名称" : "原勒流防火林带",
        "规格型号" : "警示牌",
        "数量" : 1,
        "建成日起" : "2016.1",
        "东经" : "113°31'20.42\"",
        "北纬" : "22°09'20.65\"",
        "负责人" : "谢卫华13676054970",
        "备注" : " ",
        "日常管理人" : "吴德良15919298429",
        "X" : 113.522338889,
        "Y" : 22.155736111100001
      },
      "geometry" : {
        "x" : 38450729.289487541,
        "y" : 2451123.9401037972
      }
    },
    {
      "attributes" : {
        "FID" : 16,
        "编号" : 17,
        "名称" : "勒流",
        "规格型号" : "警示牌",
        "数量" : 1,
        "建成日起" : "2014.9",
        "东经" : "113°30'1.83\"",
        "北纬" : "22°8'6.81\"",
        "负责人" : "谢卫华13676054970",
        "备注" : " ",
        "日常管理人" : "吴德良15919298429",
        "X" : 113.500508333,
        "Y" : 22.135224999999998
      },
      "geometry" : {
        "x" : 38448469.964680396,
        "y" : 2448859.8773555425
      }
    },
    {
      "attributes" : {
        "FID" : 17,
        "编号" : 18,
        "名称" : "上村山泉取水口",
        "规格型号" : "警示牌",
        "数量" : 1,
        "建成日起" : "2015.11",
        "东经" : "113°30'24.36\"",
        "北纬" : "22°8'26.29\"",
        "负责人" : "谢卫华13676054970",
        "备注" : " ",
        "日常管理人" : "吴德良15919298429",
        "X" : 113.50676666699999,
        "Y" : 22.140636111100001
      },
      "geometry" : {
        "x" : 38449117.560866006,
        "y" : 2449456.9699392533
      }
    },
    {
      "attributes" : {
        "FID" : 18,
        "编号" : 19,
        "名称" : "中联办上山路口",
        "规格型号" : "警示牌",
        "数量" : 1,
        "建成日起" : "2015.11",
        "东经" : "113°31'5.27\"",
        "北纬" : "22°8'34.25\"",
        "负责人" : "谢卫华13676054970",
        "备注" : " ",
        "日常管理人" : "吴德良15919298429",
        "X" : 113.518130556,
        "Y" : 22.1428472222
      },
      "geometry" : {
        "x" : 38450290.667206623,
        "y" : 2449698.0576866041
      }
    },
    {
      "attributes" : {
        "FID" : 19,
        "编号" : 20,
        "名称" : "三大队后山",
        "规格型号" : "警示牌",
        "数量" : 1,
        "建成日起" : "2015.11",
        "东经" : "113°31'38.42\"",
        "北纬" : "22°8'34.37\"",
        "负责人" : "谢卫华13676054970",
        "备注" : " ",
        "日常管理人" : "吴德良15919298429",
        "X" : 113.52733888900001,
        "Y" : 22.142880555600001
      },
      "geometry" : {
        "x" : 38451240.61990387,
        "y" : 2449698.7662948342
      }
    },
    {
      "attributes" : {
        "FID" : 20,
        "编号" : 21,
        "名称" : "小横琴东堤角",
        "规格型号" : "警示牌",
        "数量" : 1,
        "建成日起" : "2016.1O",
        "东经" : "113°31'45.53\"",
        "北纬" : "22°8'36.15\"",
        "负责人" : "谢卫华13676054970",
        "备注" : " ",
        "日常管理人" : "吴德良15919298429",
        "X" : 113.52931388899999,
        "Y" : 22.143374999999999
      },
      "geometry" : {
        "x" : 38451444.532333247,
        "y" : 2449752.886368135
      }
    },
    {
      "attributes" : {
        "FID" : 21,
        "编号" : 22,
        "名称" : "小横琴东堤角旁",
        "规格型号" : "警示牌",
        "数量" : 1,
        "建成日起" : "2016.1O",
        "东经" : "113°31'59.36\"",
        "北纬" : "22°8'39.86\"",
        "负责人" : "谢卫华13676054970",
        "备注" : " ",
        "日常管理人" : "吴德良15919298429",
        "X" : 113.533155556,
        "Y" : 22.144405555599999
      },
      "geometry" : {
        "x" : 38451841.191367455,
        "y" : 2449865.782690757
      }
    },
    {
      "attributes" : {
        "FID" : 22,
        "编号" : 23,
        "名称" : "大井角湾位",
        "规格型号" : "警示牌",
        "数量" : 1,
        "建成日起" : "2016.1O",
        "东经" : "113°31'07.01\"",
        "北纬" : "22°5'59.81\"",
        "负责人" : "谢卫华13676054970",
        "备注" : " ",
        "日常管理人" : "杨春峰13680394044",
        "X" : 113.51861388899999,
        "Y" : 22.099947222200001
      },
      "geometry" : {
        "x" : 38450325.498030193,
        "y" : 2444947.3773996457
      }
    },
    {
      "attributes" : {
        "FID" : 23,
        "编号" : 24,
        "名称" : "二井果园",
        "规格型号" : "警示牌",
        "数量" : 1,
        "建成日起" : "2014.9",
        "东经" : "113°28'19.05\"",
        "北纬" : "22°5'58.94\"",
        "负责人" : "谢卫华13676054970",
        "备注" : " ",
        "日常管理人" : "杨春峰13680394044",
        "X" : 113.471958333,
        "Y" : 22.0997055556
      },
      "geometry" : {
        "x" : 38445510.898277976,
        "y" : 2444936.5727139791
      }
    },
    {
      "attributes" : {
        "FID" : 24,
        "编号" : 25,
        "名称" : "李国峰果园转弯山溪",
        "规格型号" : "警示牌",
        "数量" : 1,
        "建成日起" : "2016.1O",
        "东经" : "113°28'28.06\"",
        "北纬" : "22°6'05.46\"",
        "负责人" : "谢卫华13676054970",
        "备注" : " ",
        "日常管理人" : "杨春峰13680394044",
        "X" : 113.474461111,
        "Y" : 22.1015166667
      },
      "geometry" : {
        "x" : 38445769.859588332,
        "y" : 2445136.2327965354
      }
    },
    {
      "attributes" : {
        "FID" : 25,
        "编号" : 26,
        "名称" : "二井湾",
        "规格型号" : "警示牌",
        "数量" : 1,
        "建成日起" : "2015.11",
        "东经" : "113°28'32.14\"",
        "北纬" : "22°6'27.45\"",
        "负责人" : "谢卫华13676054970",
        "备注" : " ",
        "日常管理人" : "杨春峰13680394044",
        "X" : 113.475594444,
        "Y" : 22.107624999999999
      },
      "geometry" : {
        "x" : 38445889.139795423,
        "y" : 2445812.2364256447
      }
    },
    {
      "attributes" : {
        "FID" : 26,
        "编号" : 27,
        "名称" : "西提",
        "规格型号" : "警示牌",
        "数量" : 1,
        "建成日起" : "2013.8",
        "东经" : "113°28'32.52\"",
        "北纬" : "22°6'39.49\"",
        "负责人" : "谢卫华13676054970",
        "备注" : " ",
        "日常管理人" : "杨春峰13680394044",
        "X" : 113.4757,
        "Y" : 22.110969444399998
      },
      "geometry" : {
        "x" : 38445901.307380743,
        "y" : 2446182.5464560958
      }
    },
    {
      "attributes" : {
        "FID" : 27,
        "编号" : 28,
        "名称" : "龙江山第三个水池防火林带",
        "规格型号" : "警示牌",
        "数量" : 1,
        "建成日起" : "2016.1O",
        "东经" : "113°28'53.83\"",
        "北纬" : "22°6'45.49\"",
        "负责人" : "谢卫华13676054970",
        "备注" : " ",
        "日常管理人" : "林波13902876762",
        "X" : 113.481619444,
        "Y" : 22.112636111099999
      },
      "geometry" : {
        "x" : 38446512.73227302,
        "y" : 2446365.0129849934
      }
    },
    {
      "attributes" : {
        "FID" : 28,
        "编号" : 29,
        "名称" : "龙江山防火林带",
        "规格型号" : "警示牌",
        "数量" : 1,
        "建成日起" : "2016.1O",
        "东经" : "113°28'05.44\"",
        "北纬" : "22°6'54.13\"",
        "负责人" : "谢卫华13676054970",
        "备注" : " ",
        "日常管理人" : "林波13902876762",
        "X" : 113.468177778,
        "Y" : 22.1150361111
      },
      "geometry" : {
        "x" : 38445126.701704174,
        "y" : 2446635.5626884019
      }
    },
    {
      "attributes" : {
        "FID" : 29,
        "编号" : 30,
        "名称" : "南湾公司山边",
        "规格型号" : "警示牌",
        "数量" : 1,
        "建成日起" : "2015.11",
        "东经" : "113°29'23.20\"",
        "北纬" : "22°7'2.64\"",
        "负责人" : "谢卫华13676054970",
        "备注" : " ",
        "日常管理人" : "林波13902876762",
        "X" : 113.489777778,
        "Y" : 22.1174
      },
      "geometry" : {
        "x" : 38447356.30592081,
        "y" : 2446889.6979818228
      }
    },
    {
      "attributes" : {
        "FID" : 30,
        "编号" : 31,
        "名称" : "南湾公司上山路口",
        "规格型号" : "警示牌",
        "数量" : 1,
        "建成日起" : "2014.9",
        "东经" : "113°29'19.90\"",
        "北纬" : "22°6'53.67\"",
        "负责人" : "谢卫华13676054970",
        "备注" : " ",
        "日常管理人" : "林波13902876762",
        "X" : 113.48886111100001,
        "Y" : 22.114908333300001
      },
      "geometry" : {
        "x" : 38447260.797544271,
        "y" : 2446614.10049154
      }
    },
    {
      "attributes" : {
        "FID" : 31,
        "编号" : 32,
        "名称" : "富盈门口外土地",
        "规格型号" : "警示牌",
        "数量" : 1,
        "建成日起" : "2013.8",
        "东经" : "113°29'58.15\"",
        "北纬" : "22°7'9.99\"",
        "负责人" : "谢卫华13676054970",
        "备注" : " ",
        "日常管理人" : "林波13902876762",
        "X" : 113.499486111,
        "Y" : 22.119441666699998
      },
      "geometry" : {
        "x" : 38448358.754234731,
        "y" : 2447112.4552360731
      }
    },
    {
      "attributes" : {
        "FID" : 32,
        "编号" : 33,
        "名称" : "三叠泉",
        "规格型号" : "警示牌",
        "数量" : 1,
        "建成日起" : "2014.9",
        "东经" : "113°30'8.82\"",
        "北纬" : "22°6'51.42\"",
        "负责人" : "谢卫华13676054970",
        "备注" : " ",
        "日常管理人" : "赵嘉荣13160655443",
        "X" : 113.50245,
        "Y" : 22.114283333300001
      },
      "geometry" : {
        "x" : 38448662.695752986,
        "y" : 2446540.2446701056
      }
    },
    {
      "attributes" : {
        "FID" : 33,
        "编号" : 34,
        "名称" : "三塘大榕树",
        "规格型号" : "警示牌",
        "数量" : 1,
        "建成日起" : "2015.11",
        "东经" : "113°18'21.56\"",
        "北纬" : "22°4'18.91\"",
        "负责人" : "谢卫华13676054970",
        "备注" : " ",
        "日常管理人" : "赵嘉荣13160655443",
        "X" : 113.30598888900001,
        "Y" : 22.071919444399999
      },
      "geometry" : {
        "x" : 38428369.813237302,
        "y" : 2441928.3316940749
      }
    },
    {
      "attributes" : {
        "FID" : 34,
        "编号" : 35,
        "名称" : "四塘山边排洪渠",
        "规格型号" : "警示牌",
        "数量" : 1,
        "建成日起" : "2015.11",
        "东经" : "113°18'21.56\"",
        "北纬" : "22°4'18.91\"",
        "负责人" : "谢卫华13676054970",
        "备注" : " ",
        "日常管理人" : "赵嘉荣13160655443",
        "X" : 113.30598888900001,
        "Y" : 22.071919444399999
      },
      "geometry" : {
        "x" : 38428369.813237302,
        "y" : 2441928.3316940749
      }
    },
    {
      "attributes" : {
        "FID" : 35,
        "编号" : 36,
        "名称" : "四塘兰姐酒楼后山",
        "规格型号" : "警示牌",
        "数量" : 1,
        "建成日起" : "2016.1O",
        "东经" : "113°31'05.15\"",
        "北纬" : "22°7'29.34\"",
        "负责人" : "谢卫华13676054970",
        "备注" : " ",
        "日常管理人" : "赵嘉荣13160655443",
        "X" : 113.51809722199999,
        "Y" : 22.124816666699999
      },
      "geometry" : {
        "x" : 38450280.901128605,
        "y" : 2447701.4557627602
      }
    },
    {
      "attributes" : {
        "FID" : 36,
        "编号" : 37,
        "名称" : "武帝庙",
        "规格型号" : "警示牌",
        "数量" : 1,
        "建成日起" : "2013.8",
        "东经" : "113°31'24.26\"",
        "北纬" : "22°7'33.02\"",
        "负责人" : "谢卫华13676054970",
        "备注" : " ",
        "日常管理人" : "曾炳东13727080322",
        "X" : 113.523405556,
        "Y" : 22.125838888899999
      },
      "geometry" : {
        "x" : 38450828.938846976,
        "y" : 2447812.9259246509
      }
    },
    {
      "attributes" : {
        "FID" : 37,
        "编号" : 38,
        "名称" : "变电站",
        "规格型号" : "警示牌",
        "数量" : 1,
        "建成日起" : "2014.9",
        "东经" : "113°31'29.59\"",
        "北纬" : "22°7'33.43\"",
        "负责人" : "谢卫华13676054970",
        "备注" : " ",
        "日常管理人" : "曾炳东13727080322",
        "X" : 113.524886111,
        "Y" : 22.125952777799998
      },
      "geometry" : {
        "x" : 38450981.732148625,
        "y" : 2447825.0595461172
      }
    },
    {
      "attributes" : {
        "FID" : 38,
        "编号" : 39,
        "名称" : "石山村尾",
        "规格型号" : "警示牌",
        "数量" : 1,
        "建成日起" : "2013.8",
        "东经" : "113°31'45.77\"",
        "北纬" : "22°7'24.65\"",
        "负责人" : "谢卫华13676054970",
        "备注" : " ",
        "日常管理人" : "曾炳东13727080322",
        "X" : 113.52938055600001,
        "Y" : 22.1235138889
      },
      "geometry" : {
        "x" : 38451444.603371069,
        "y" : 2447553.5484484774
      }
    },
    {
      "attributes" : {
        "FID" : 39,
        "编号" : 40,
        "名称" : "石山村口",
        "规格型号" : "警示牌",
        "数量" : 1,
        "建成日起" : "2014.9",
        "东经" : "113°32'0.39\"",
        "北纬" : "22°7'33.54\"",
        "负责人" : "谢卫华13676054970",
        "备注" : " ",
        "日常管理人" : "曾炳东13727080322",
        "X" : 113.53344166700001,
        "Y" : 22.125983333299999
      },
      "geometry" : {
        "x" : 38451864.447267458,
        "y" : 2447825.7109563057
      }
    },
    {
      "attributes" : {
        "FID" : 40,
        "编号" : 41,
        "名称" : "粗沙环东堤角烂尾楼",
        "规格型号" : "警示牌",
        "数量" : 1,
        "建成日起" : "2016.1O",
        "东经" : "113°32'09.40\"",
        "北纬" : "22°7'33.14\"",
        "负责人" : "谢卫华13676054970",
        "备注" : " ",
        "日常管理人" : "曾炳东13727080322",
        "X" : 113.53594444399999,
        "Y" : 22.125872222200002
      },
      "geometry" : {
        "x" : 38452122.629232883,
        "y" : 2447812.6172532542
      }
    },
    {
      "attributes" : {
        "FID" : 41,
        "编号" : 42,
        "名称" : "粗沙环村中上山路口",
        "规格型号" : "警示牌",
        "数量" : 1,
        "建成日起" : "2015.11",
        "东经" : "113°32'3.93\"",
        "北纬" : "22°7'28.13\"",
        "负责人" : "谢卫华13676054970",
        "备注" : " ",
        "日常管理人" : "曾炳东13727080322",
        "X" : 113.534425,
        "Y" : 22.124480555600002
      },
      "geometry" : {
        "x" : 38451965.39158415,
        "y" : 2447658.9905479522
      }
    },
    {
      "attributes" : {
        "FID" : 42,
        "编号" : 43,
        "名称" : "风力路口",
        "规格型号" : "警示牌",
        "数量" : 1,
        "建成日起" : "2013.8",
        "东经" : "113°32'22.32\"",
        "北纬" : "22°7'24.96\"",
        "负责人" : "谢卫华13676054970",
        "备注" : " ",
        "日常管理人" : "备勤8841261",
        "X" : 113.53953333299999,
        "Y" : 22.1236
      },
      "geometry" : {
        "x" : 38452492.144952469,
        "y" : 2447559.8784546396
      }
    },
    {
      "attributes" : {
        "FID" : 43,
        "编号" : 44,
        "名称" : "风力1号水池",
        "规格型号" : "警示牌",
        "数量" : 1,
        "建成日起" : "2014.9",
        "东经" : "113°32'12.011\"",
        "北纬" : "22°7'17.18\"",
        "负责人" : "谢卫华13676054970",
        "备注" : " ",
        "日常管理人" : "备勤8841261",
        "X" : 113.536669722,
        "Y" : 22.121438888899998
      },
      "geometry" : {
        "x" : 38452195.963395841,
        "y" : 2447321.4657294229
      }
    },
    {
      "attributes" : {
        "FID" : 44,
        "编号" : 45,
        "名称" : "风力杨梅林",
        "规格型号" : "警示牌",
        "数量" : 1,
        "建成日起" : "2015.11",
        "东经" : "113°31'56.00\"",
        "北纬" : "22°7'2.27\"",
        "负责人" : "谢卫华13676054970",
        "备注" : " ",
        "日常管理人" : "备勤8841261",
        "X" : 113.532222222,
        "Y" : 22.117297222200001
      },
      "geometry" : {
        "x" : 38451735.675969556,
        "y" : 2446864.2440278898
      }
    },
    {
      "attributes" : {
        "FID" : 45,
        "编号" : 46,
        "名称" : "风力1号风机",
        "规格型号" : "警示牌",
        "数量" : 1,
        "建成日起" : "2013.8",
        "东经" : "113°31'38.40\"",
        "北纬" : "22°6'38.44\"",
        "负责人" : "谢卫华13676054970",
        "备注" : " ",
        "日常管理人" : "备勤8841261",
        "X" : 113.527333333,
        "Y" : 22.110677777799999
      },
      "geometry" : {
        "x" : 38451228.966072552,
        "y" : 2446132.8013060899
      }
    },
    {
      "attributes" : {
        "FID" : 46,
        "编号" : 47,
        "名称" : "风力电塔",
        "规格型号" : "警示牌",
        "数量" : 1,
        "建成日起" : "2015.11",
        "东经" : "113°31'12.67\"",
        "北纬" : "22°6'41.45\"",
        "负责人" : "谢卫华13676054970",
        "备注" : " ",
        "日常管理人" : "备勤8841261",
        "X" : 113.520186111,
        "Y" : 22.111513888899999
      },
      "geometry" : {
        "x" : 38450491.775746092,
        "y" : 2446227.6950963615
      }
    },
    {
      "attributes" : {
        "FID" : 47,
        "编号" : 48,
        "名称" : "风力21号风机",
        "规格型号" : "警示牌",
        "数量" : 1,
        "建成日起" : "2013.8",
        "东经" : "113°30'52.87\"",
        "北纬" : "22°6'22.65\"",
        "负责人" : "谢卫华13676054970",
        "备注" : " ",
        "日常管理人" : "备勤8841261",
        "X" : 113.514686111,
        "Y" : 22.106291666699999
      },
      "geometry" : {
        "x" : 38449922.420651309,
        "y" : 2445651.2132750675
      }
    },
    {
      "attributes" : {
        "FID" : 48,
        "编号" : 49,
        "名称" : "风力15号风机",
        "规格型号" : "警示牌",
        "数量" : 1,
        "建成日起" : "2015.11",
        "东经" : "113°30'20.88\"",
        "北纬" : "22°6'10.34\"",
        "负责人" : "谢卫华13676054970",
        "备注" : " ",
        "日常管理人" : "备勤8841261",
        "X" : 113.50579999999999,
        "Y" : 22.102872222199998
      },
      "geometry" : {
        "x" : 38449004.253466129,
        "y" : 2445275.5117415278
      }
    },
    {
      "attributes" : {
        "FID" : 49,
        "编号" : 50,
        "名称" : "相思瀑布",
        "规格型号" : "警示牌",
        "数量" : 1,
        "建成日起" : "2013.8",
        "东经" : "113°32'31.50\"",
        "北纬" : "22°7'2.08\"",
        "负责人" : "谢卫华13676054970",
        "备注" : " ",
        "日常管理人" : "备勤8841261",
        "X" : 113.54208333299999,
        "Y" : 22.117244444400001
      },
      "geometry" : {
        "x" : 38452753.1228045,
        "y" : 2446855.3050433514
      }
    },
    {
      "attributes" : {
        "FID" : 50,
        "编号" : 51,
        "名称" : "横琴政府后山",
        "规格型号" : "警示牌",
        "数量" : 1,
        "建成日起" : "2013.8",
        "东经" : "113°32'30.68\"",
        "北纬" : "22°6'57.68\"",
        "负责人" : "谢卫华13676054970",
        "备注" : " ",
        "日常管理人" : "备勤8841261",
        "X" : 113.541855556,
        "Y" : 22.116022222200002
      },
      "geometry" : {
        "x" : 38452729.21343746,
        "y" : 2446720.0336711812
      }
    },
    {
      "attributes" : {
        "FID" : 51,
        "编号" : 52,
        "名称" : "相思瀑布山顶",
        "规格型号" : "警示牌",
        "数量" : 1,
        "建成日起" : "2015.11",
        "东经" : "113°32'30.45\"",
        "北纬" : "22°7'3.47\"",
        "负责人" : "谢卫华13676054970",
        "备注" : " ",
        "日常管理人" : "备勤8841261",
        "X" : 113.541791667,
        "Y" : 22.117630555600002
      },
      "geometry" : {
        "x" : 38452723.157599322,
        "y" : 2446898.1514470302
      }
    },
    {
      "attributes" : {
        "FID" : 52,
        "编号" : 53,
        "名称" : "红旗村旧学校",
        "规格型号" : "警示牌",
        "数量" : 1,
        "建成日起" : "2015.11",
        "东经" : "113°32'39.123\"",
        "北纬" : "22°6'50.23\"",
        "负责人" : "谢卫华13676054970",
        "备注" : " ",
        "日常管理人" : "备勤8841261",
        "X" : 113.544200833,
        "Y" : 22.113952777800002
      },
      "geometry" : {
        "x" : 38452970.513644308,
        "y" : 2446490.1483419808
      }
    },
    {
      "attributes" : {
        "FID" : 53,
        "编号" : 54,
        "名称" : "水泥路口",
        "规格型号" : "警示牌",
        "数量" : 1,
        "建成日起" : "2013.8",
        "东经" : "113°32'45.26\"",
        "北纬" : "22°6'49.88\"",
        "负责人" : "谢卫华13676054970",
        "备注" : " ",
        "日常管理人" : "备勤8841261",
        "X" : 113.54590555599999,
        "Y" : 22.113855555600001
      },
      "geometry" : {
        "x" : 38453146.37798474,
        "y" : 2446478.8567134859
      }
    },
    {
      "attributes" : {
        "FID" : 54,
        "编号" : 55,
        "名称" : "长隆气压站",
        "规格型号" : "警示牌",
        "数量" : 1,
        "建成日起" : "2015.11",
        "东经" : "113°31'44.19\"",
        "北纬" : "22°6'17.55\"",
        "负责人" : "谢卫华13676054970",
        "备注" : " ",
        "日常管理人" : "备勤8841261",
        "X" : 113.528941667,
        "Y" : 22.104875
      },
      "geometry" : {
        "x" : 38451392.932799473,
        "y" : 2445489.7192632714
      }
    },
    {
      "attributes" : {
        "FID" : 55,
        "编号" : 56,
        "名称" : "团结水库",
        "规格型号" : "警示牌",
        "数量" : 1,
        "建成日起" : "2014.9",
        "东经" : "113°31'10.57\"",
        "北纬" : "22°5'57.27\"",
        "负责人" : "谢卫华13676054970",
        "备注" : " ",
        "日常管理人" : "备勤8841261",
        "X" : 113.51960277800001,
        "Y" : 22.099241666699999
      },
      "geometry" : {
        "x" : 38450427.297309853,
        "y" : 2444868.9258405305
      }
    },
    {
      "attributes" : {
        "FID" : 56,
        "编号" : 57,
        "名称" : "长隆隧道往深井出口山边",
        "规格型号" : "警示牌",
        "数量" : 1,
        "建成日起" : "2016.1O",
        "东经" : "113°30'08.18\"",
        "北纬" : "22°5'54.44\"",
        "负责人" : "谢卫华13676054970",
        "备注" : " ",
        "日常管理人" : "李权培13672713945",
        "X" : 113.502272222,
        "Y" : 22.098455555600001
      },
      "geometry" : {
        "x" : 38448638.62231309,
        "y" : 2444787.6191957528
      }
    },
    {
      "attributes" : {
        "FID" : 57,
        "编号" : 58,
        "名称" : "望天台上山路口",
        "规格型号" : "警示牌",
        "数量" : 1,
        "建成日起" : "2016.1O",
        "东经" : "113°29'55.67\"",
        "北纬" : "22°5'43.73\"",
        "负责人" : "谢卫华13676054970",
        "备注" : " ",
        "日常管理人" : "李权培13672713945",
        "X" : 113.49879722199999,
        "Y" : 22.095480555599998
      },
      "geometry" : {
        "x" : 38448278.940476373,
        "y" : 2444459.3595133997
      }
    },
    {
      "attributes" : {
        "FID" : 58,
        "编号" : 59,
        "名称" : "望天台上山路口旁",
        "规格型号" : "警示牌",
        "数量" : 1,
        "建成日起" : "2014.9",
        "东经" : "113°29'59.82\"",
        "北纬" : "22°5'51.55\"",
        "负责人" : "谢卫华13676054970",
        "备注" : " ",
        "日常管理人" : "李权培13672713945",
        "X" : 113.49995,
        "Y" : 22.0976527778
      },
      "geometry" : {
        "x" : 38448398.692013599,
        "y" : 2444699.5088359807
      }
    },
    {
      "attributes" : {
        "FID" : 59,
        "编号" : 60,
        "名称" : "长隆大道",
        "规格型号" : "警示牌",
        "数量" : 1,
        "建成日起" : "2013.8",
        "东经" : "113°29'57.53\"",
        "北纬" : "22°5'54.49\"",
        "负责人" : "谢卫华13676054970",
        "备注" : " ",
        "日常管理人" : "李权培13672713945",
        "X" : 113.49931388900001,
        "Y" : 22.098469444399999
      },
      "geometry" : {
        "x" : 38448333.346351899,
        "y" : 2444790.1578288153
      }
    },
    {
      "attributes" : {
        "FID" : 60,
        "编号" : 61,
        "名称" : "深井车站旁绿化山",
        "规格型号" : "警示牌",
        "数量" : 1,
        "建成日起" : "2016.1O",
        "东经" : "113°29'43.59\"",
        "北纬" : "22°05'51.60\"",
        "负责人" : "谢卫华13676054970",
        "备注" : " ",
        "日常管理人" : "李权培13672713945",
        "X" : 113.49544166699999,
        "Y" : 22.0976666667
      },
      "geometry" : {
        "x" : 38447933.463228747,
        "y" : 2444702.5811885698
      }
    },
    {
      "attributes" : {
        "FID" : 61,
        "编号" : 62,
        "名称" : "长隆基地对面绿化山",
        "规格型号" : "警示牌",
        "数量" : 1,
        "建成日起" : "2016.1O",
        "东经" : "113°29'22.54\"",
        "北纬" : "22°05'52.62\"",
        "负责人" : "谢卫华13676054970",
        "备注" : " ",
        "日常管理人" : "李权培13672713945",
        "X" : 113.48959444400001,
        "Y" : 22.097950000000001
      },
      "geometry" : {
        "x" : 38447330.168505631,
        "y" : 2444735.9666143833
      }
    },
    {
      "attributes" : {
        "FID" : 62,
        "编号" : 63,
        "名称" : "西环隧道",
        "规格型号" : "警示牌",
        "数量" : 1,
        "建成日起" : "2015.11",
        "东经" : "113°28'35.64\"",
        "北纬" : "22°5'50.36\"",
        "负责人" : "谢卫华13676054970",
        "备注" : " ",
        "日常管理人" : "李权培13672713945",
        "X" : 113.476566667,
        "Y" : 22.097322222199999
      },
      "geometry" : {
        "x" : 38445985.538995326,
        "y" : 2444671.0126070911
      }
    },
    {
      "attributes" : {
        "FID" : 63,
        "编号" : 64,
        "名称" : "深井村尾",
        "规格型号" : "警示牌",
        "数量" : 1,
        "建成日起" : "2014.9",
        "东经" : "113°29'27.84\"",
        "北纬" : "22°5'32.68\"",
        "负责人" : "谢卫华13676054970",
        "备注" : " ",
        "日常管理人" : "李权培13672713945",
        "X" : 113.491066667,
        "Y" : 22.092411111099999
      },
      "geometry" : {
        "x" : 38447480.043870382,
        "y" : 2444122.1106421812
      }
    },
    {
      "attributes" : {
        "FID" : 64,
        "编号" : 65,
        "名称" : "长隆基地",
        "规格型号" : "警示牌",
        "数量" : 1,
        "建成日起" : "2013.8",
        "东经" : "113°29'16.66\"",
        "北纬" : "22°5'31.55\"",
        "负责人" : "谢卫华13676054970",
        "备注" : " ",
        "日常管理人" : "李权培13672713945",
        "X" : 113.487961111,
        "Y" : 22.0920972222
      },
      "geometry" : {
        "x" : 38447159.439502858,
        "y" : 2444088.4261915218
      }
    },
    {
      "attributes" : {
        "FID" : 65,
        "编号" : 66,
        "名称" : "旧水文站",
        "规格型号" : "警示牌",
        "数量" : 1,
        "建成日起" : "2015.11",
        "东经" : "113°29'4.82\"",
        "北纬" : "22°5'1.95\"",
        "负责人" : "谢卫华13676054970",
        "备注" : " ",
        "日常管理人" : "吴桂培13697711986",
        "X" : 113.484672222,
        "Y" : 22.083874999999999
      },
      "geometry" : {
        "x" : 38446816.952055469,
        "y" : 2443179.0849598045
      }
    },
    {
      "attributes" : {
        "FID" : 66,
        "编号" : 67,
        "名称" : "旧水文站五百米山旁",
        "规格型号" : "警示牌",
        "数量" : 1,
        "建成日起" : "2016.1O",
        "东经" : "113°29'49.90\"",
        "北纬" : "22°05'09.38\"",
        "负责人" : "谢卫华13676054970",
        "备注" : " ",
        "日常管理人" : "吴桂培13697711986",
        "X" : 113.497194444,
        "Y" : 22.085938888899999
      },
      "geometry" : {
        "x" : 38448110.05339133,
        "y" : 2443403.3117074594
      }
    },
    {
      "attributes" : {
        "FID" : 67,
        "编号" : 68,
        "名称" : "旧水文站养蚝户旁",
        "规格型号" : "警示牌",
        "数量" : 1,
        "建成日起" : "2016.1O",
        "东经" : "113°29'18.44\"",
        "北纬" : "22°04'59.58\"",
        "负责人" : "谢卫华13676054970",
        "备注" : " ",
        "日常管理人" : "吴桂培13697711986",
        "X" : 113.48845555600001,
        "Y" : 22.0832166667
      },
      "geometry" : {
        "x" : 38447207.163907036,
        "y" : 2443104.8691484802
      }
    },
    {
      "attributes" : {
        "FID" : 68,
        "编号" : 69,
        "名称" : "宝典园基站",
        "规格型号" : "警示牌",
        "数量" : 1,
        "建成日起" : "2016.1O",
        "东经" : "113°29'18.44\"",
        "北纬" : "22°04'59.58\"",
        "负责人" : "谢卫华13676054970",
        "备注" : " ",
        "日常管理人" : "吴桂培13697711986",
        "X" : 113.48845555600001,
        "Y" : 22.0832166667
      },
      "geometry" : {
        "x" : 38447207.163907036,
        "y" : 2443104.8691484802
      }
    },
    {
      "attributes" : {
        "FID" : 69,
        "编号" : 70,
        "名称" : "宝典园右下角\n急弯",
        "规格型号" : "警示牌",
        "数量" : 1,
        "建成日起" : "2016.1O",
        "东经" : "113°29'51.23\"",
        "北纬" : "22°04'27.14\"",
        "负责人" : "谢卫华13676054970",
        "备注" : " ",
        "日常管理人" : "吴桂培13697711986",
        "X" : 113.49756388900001,
        "Y" : 22.074205555599999
      },
      "geometry" : {
        "x" : 38448143.898121633,
        "y" : 2442103.901356332
      }
    },
    {
      "attributes" : {
        "FID" : 70,
        "编号" : 71,
        "名称" : "石栏洲",
        "规格型号" : "警示牌",
        "数量" : 1,
        "建成日起" : "2015.11",
        "东经" : "113°29'47.67\"",
        "北纬" : "22°3'48.71\"",
        "负责人" : "谢卫华13676054970",
        "备注" : " ",
        "日常管理人" : "吴桂培13697711986",
        "X" : 113.49657500000001,
        "Y" : 22.0635305556
      },
      "geometry" : {
        "x" : 38448037.93117585,
        "y" : 2440922.1489298004
      }
    },
    {
      "attributes" : {
        "FID" : 71,
        "编号" : 72,
        "名称" : "猪头山小沙滩",
        "规格型号" : "警示牌",
        "数量" : 1,
        "建成日起" : "2016.1O",
        "东经" : "113°29'47.20\"",
        "北纬" : "22°03'45.91\"",
        "负责人" : "谢卫华13676054970",
        "备注" : " ",
        "日常管理人" : "吴桂培13697711986",
        "X" : 113.49644444400001,
        "Y" : 22.0627527778
      },
      "geometry" : {
        "x" : 38448024.170977354,
        "y" : 2440836.0667577307
      }
    },
    {
      "attributes" : {
        "FID" : 72,
        "编号" : 73,
        "名称" : "石栏洲东面山嘴",
        "规格型号" : "警示牌",
        "数量" : 1,
        "建成日起" : "2016.1O",
        "东经" : "113°30'10.93\"",
        "北纬" : "22°04'01.29\"",
        "负责人" : "谢卫华13676054970",
        "备注" : " ",
        "日常管理人" : "吴桂培13697711986",
        "X" : 113.503036111,
        "Y" : 22.067025000000001
      },
      "geometry" : {
        "x" : 38448706.101358533,
        "y" : 2441306.9164395058
      }
    },
    {
      "attributes" : {
        "FID" : 73,
        "编号" : 74,
        "名称" : "石栏洲牌坊",
        "规格型号" : "警示牌",
        "数量" : 1,
        "建成日起" : "2O13.8",
        "东经" : "113°30'6.83\"",
        "北纬" : "22°3'59.96\"",
        "负责人" : "谢卫华13676054970",
        "备注" : " ",
        "日常管理人" : "詹卫国13536506083",
        "X" : 113.501897222,
        "Y" : 22.066655555600001
      },
      "geometry" : {
        "x" : 38448588.415699609,
        "y" : 2441266.3897957783
      }
    },
    {
      "attributes" : {
        "FID" : 74,
        "编号" : 75,
        "名称" : "石栏洲监控室",
        "规格型号" : "警示牌",
        "数量" : 1,
        "建成日起" : "2015.11",
        "东经" : "113°30'6.08\"",
        "北纬" : "22°4'19.52\"",
        "负责人" : "谢卫华13676054970",
        "备注" : " ",
        "日常管理人" : "詹卫国13536506083",
        "X" : 113.50168888899999,
        "Y" : 22.072088888900002
      },
      "geometry" : {
        "x" : 38448568.878386199,
        "y" : 2441868.1163389222
      }
    },
    {
      "attributes" : {
        "FID" : 75,
        "编号" : 76,
        "名称" : "长栏湾",
        "规格型号" : "警示牌",
        "数量" : 1,
        "建成日起" : "2013.8",
        "东经" : "113°31'18.82\"",
        "北纬" : "22°5'1.98\"",
        "负责人" : "谢卫华13676054970",
        "备注" : " ",
        "日常管理人" : "詹卫国13536506083",
        "X" : 113.521894444,
        "Y" : 22.083883333300001
      },
      "geometry" : {
        "x" : 38450658.443377823,
        "y" : 2443167.4866446694
      }
    },
    {
      "attributes" : {
        "FID" : 76,
        "编号" : 77,
        "名称" : "长栏湾第一路口",
        "规格型号" : "警示牌",
        "数量" : 1,
        "建成日起" : "2016.1O",
        "东经" : "113°30'21.01\"",
        "北纬" : "22°04'23.83\"",
        "负责人" : "谢卫华13676054970",
        "备注" : " ",
        "日常管理人" : "詹卫国13536506083",
        "X" : 113.50583611099999,
        "Y" : 22.0732861111
      },
      "geometry" : {
        "x" : 38448997.354151562,
        "y" : 2441999.2967430735
      }
    },
    {
      "attributes" : {
        "FID" : 77,
        "编号" : 78,
        "名称" : "长栏湾第二路口",
        "规格型号" : "警示牌",
        "数量" : 1,
        "建成日起" : "2016.1O",
        "东经" : "113°30'39.90\"",
        "北纬" : "22°04'36.13\"",
        "负责人" : "谢卫华13676054970",
        "备注" : " ",
        "日常管理人" : "詹卫国13536506083",
        "X" : 113.511083333,
        "Y" : 22.076702777800001
      },
      "geometry" : {
        "x" : 38449540.142738901,
        "y" : 2442375.8927312647
      }
    },
    {
      "attributes" : {
        "FID" : 78,
        "编号" : 79,
        "名称" : "长栏湾第三路口",
        "规格型号" : "警示牌",
        "数量" : 1,
        "建成日起" : "2016.1O",
        "东经" : "113°30'54.20\"",
        "北纬" : "22°04'46.08\"",
        "负责人" : "谢卫华13676054970",
        "备注" : " ",
        "日常管理人" : "詹卫国13536506083",
        "X" : 113.51505555599999,
        "Y" : 22.0794666667
      },
      "geometry" : {
        "x" : 38449951.086655401,
        "y" : 2442680.6403414859
      }
    },
    {
      "attributes" : {
        "FID" : 79,
        "编号" : 80,
        "名称" : "长栏湾第四路口",
        "规格型号" : "警示牌",
        "数量" : 1,
        "建成日起" : "2016.1O",
        "东经" : "113°30'21.01\"",
        "北纬" : "22°04'23.83\"",
        "负责人" : "谢卫华13676054970",
        "备注" : " ",
        "日常管理人" : "詹卫国13536506083",
        "X" : 113.50583611099999,
        "Y" : 22.0732861111
      },
      "geometry" : {
        "x" : 38448997.354151562,
        "y" : 2441999.2967430735
      }
    },
    {
      "attributes" : {
        "FID" : 80,
        "编号" : 81,
        "名称" : "旧村背山脚",
        "规格型号" : "警示牌",
        "数量" : 1,
        "建成日起" : "2013.8",
        "东经" : "113°31'34.36\"",
        "北纬" : "22°5'43.04\"",
        "负责人" : "谢卫华13676054970",
        "备注" : " ",
        "日常管理人" : "备勤8841261",
        "X" : 113.52621111099999,
        "Y" : 22.095288888900001
      },
      "geometry" : {
        "x" : 38451107.86794211,
        "y" : 2444429.0811593914
      }
    },
    {
      "attributes" : {
        "FID" : 81,
        "编号" : 82,
        "名称" : "长寿路口",
        "规格型号" : "警示牌",
        "数量" : 1,
        "建成日起" : "2013.8",
        "东经" : "113°32'3.96\"",
        "北纬" : "22°5'42.73\"",
        "负责人" : "谢卫华13676054970",
        "备注" : " ",
        "日常管理人" : "备勤8841261",
        "X" : 113.534433333,
        "Y" : 22.095202777800001
      },
      "geometry" : {
        "x" : 38451956.335706569,
        "y" : 2444416.9293580172
      }
    },
    {
      "attributes" : {
        "FID" : 82,
        "编号" : 83,
        "名称" : "三大队后山旁边",
        "规格型号" : "警示牌",
        "数量" : 1,
        "建成日起" : "2016.06",
        "东经" : "113°31'39.342\"",
        "北纬" : "22°8'35.704\"",
        "负责人" : "谢卫华13676054970",
        "备注" : " ",
        "日常管理人" : "吴德良15919298429",
        "X" : 113.52759500000001,
        "Y" : 22.1432511111
      },
      "geometry" : {
        "x" : 38451267.168085366,
        "y" : 2449739.7176167313
      }
    },
    {
      "attributes" : {
        "FID" : 83,
        "编号" : 84,
        "名称" : "土地庙",
        "规格型号" : "警示牌",
        "数量" : 1,
        "建成日起" : "2016.06",
        "东经" : "113°29'54.985\"",
        "北纬" : "22°7'8.080\"",
        "负责人" : "谢卫华13676054970",
        "备注" : " ",
        "日常管理人" : "林波13902876762",
        "X" : 113.498606944,
        "Y" : 22.118911111100001
      },
      "geometry" : {
        "x" : 38448267.849644646,
        "y" : 2447054.0028095301
      }
    },
    {
      "attributes" : {
        "FID" : 84,
        "编号" : 85,
        "名称" : "武帝庙",
        "规格型号" : "警示牌",
        "数量" : 1,
        "建成日起" : "2016.06",
        "东经" : "113°31'24.330\"",
        "北纬" : "22°7'23.592\"",
        "负责人" : "谢卫华13676054970",
        "备注" : " ",
        "日常管理人" : "赵嘉荣13160655443",
        "X" : 113.523425,
        "Y" : 22.12322
      },
      "geometry" : {
        "x" : 38450830.036452308,
        "y" : 2447522.9175750935
      }
    },
    {
      "attributes" : {
        "FID" : 85,
        "编号" : 86,
        "名称" : "风力1号水池",
        "规格型号" : "警示牌",
        "数量" : 1,
        "建成日起" : "2016.06",
        "东经" : "113°32'12.012\"",
        "北纬" : "22°7'17.184\"",
        "负责人" : "谢卫华13676054970",
        "备注" : " ",
        "日常管理人" : "备勤8841261",
        "X" : 113.53667,
        "Y" : 22.12144
      },
      "geometry" : {
        "x" : 38452195.992453583,
        "y" : 2447321.5886792662
      }
    },
    {
      "attributes" : {
        "FID" : 86,
        "编号" : 87,
        "名称" : "相思瀑布山顶",
        "规格型号" : "警示牌",
        "数量" : 1,
        "建成日起" : "2016.06",
        "东经" : "113°32'33.760\"",
        "北纬" : "22°6'58.208\"",
        "负责人" : "谢卫华13676054970",
        "备注" : " ",
        "日常管理人" : "备勤8841262",
        "X" : 113.542711111,
        "Y" : 22.116168888899999
      },
      "geometry" : {
        "x" : 38452817.538717605,
        "y" : 2446736.0092199952
      }
    },
    {
      "attributes" : {
        "FID" : 87,
        "编号" : 88,
        "名称" : "长寿路",
        "规格型号" : "警示牌",
        "数量" : 1,
        "建成日起" : "2016.06",
        "东经" : "113°31'57.140\"",
        "北纬" : "22°5'35.315\"",
        "负责人" : "谢卫华13676054970",
        "备注" : " ",
        "日常管理人" : "备勤8841263",
        "X" : 113.53253888899999,
        "Y" : 22.093143055599999
      },
      "geometry" : {
        "x" : 38451760.137477078,
        "y" : 2444189.4463061742
      }
    },
    {
      "attributes" : {
        "FID" : 88,
        "编号" : 89,
        "名称" : "旧村背",
        "规格型号" : "警示牌",
        "数量" : 1,
        "建成日起" : "2016.06",
        "东经" : "113°31'34.363\"",
        "北纬" : "22°5'43.048\"",
        "负责人" : "谢卫华13676054970",
        "备注" : " ",
        "日常管理人" : "备勤8841264",
        "X" : 113.526211944,
        "Y" : 22.0952911111
      },
      "geometry" : {
        "x" : 38451107.954669468,
        "y" : 2444429.3269658703
      }
    },
    {
      "attributes" : {
        "FID" : 89,
        "编号" : 90,
        "名称" : "望天台山脚山道",
        "规格型号" : "警示牌",
        "数量" : 1,
        "建成日起" : "2016.06",
        "东经" : "113°29'55.738\"",
        "北纬" : "22°5'43.966\"",
        "负责人" : "谢卫华13676054970",
        "备注" : " ",
        "日常管理人" : "李权培13727042433",
        "X" : 113.498816111,
        "Y" : 22.095546111099999
      },
      "geometry" : {
        "x" : 38448280.913627364,
        "y" : 2444466.6123663681
      }
    },
    {
      "attributes" : {
        "FID" : 90,
        "编号" : 91,
        "名称" : "原顺德指挥部防火指示牌",
        "规格型号" : "警示牌",
        "数量" : 1,
        "建成日起" : "1997.05",
        "东经" : "113°29'01.01\"",
        "北纬" : "22°08'03.07\"",
        "负责人" : "谢卫华13676054970",
        "备注" : " ",
        "日常管理人" : "梁华祥13250063392",
        "X" : 113.483613889,
        "Y" : 22.1341861111
      },
      "geometry" : {
        "x" : 38446726.625984289,
        "y" : 2448750.6578082661
      }
    },
    {
      "attributes" : {
        "FID" : 91,
        "编号" : 92,
        "名称" : "指示牌武帝庙山脚",
        "规格型号" : "警示牌",
        "数量" : 1,
        "建成日起" : "1997.05",
        "东经" : "113°31'24.32\"",
        "北纬" : "22°07'33.50\"",
        "负责人" : "谢卫华13676054970",
        "备注" : " ",
        "日常管理人" : "赵嘉荣13160655443",
        "X" : 113.52342222199999,
        "Y" : 22.125972222200001
      },
      "geometry" : {
        "x" : 38450830.704591848,
        "y" : 2447827.6851725397
      }
    },
    {
      "attributes" : {
        "FID" : 92,
        "编号" : 93,
        "名称" : "监控屋旁",
        "规格型号" : "警示牌",
        "数量" : 1,
        "建成日起" : "1997.05",
        "东经" : "113°30'02.57\"",
        "北纬" : "22°04'18.72\"",
        "负责人" : "谢卫华13676054970",
        "备注" : " ",
        "日常管理人" : "吴桂培13697711986",
        "X" : 113.500713889,
        "Y" : 22.0718666667
      },
      "geometry" : {
        "x" : 38448468.165371813,
        "y" : 2441843.8379244856
      }
    },
    {
      "attributes" : {
        "FID" : 93,
        "编号" : 94,
        "名称" : "深井长隆基地山边",
        "规格型号" : "警示牌",
        "数量" : 1,
        "建成日起" : "1997.05",
        "东经" : "113°29'16.59\"",
        "北纬" : "22°05'31.40\"",
        "负责人" : "谢卫华13676054970",
        "备注" : " ",
        "日常管理人" : "李权培13672713945",
        "X" : 113.487941667,
        "Y" : 22.092055555599998
      },
      "geometry" : {
        "x" : 38447157.417404994,
        "y" : 2444083.8189951004
      }
    },
    {
      "attributes" : {
        "FID" : 94,
        "编号" : 95,
        "名称" : "横琴大桥南弃土场",
        "规格型号" : "警示牌",
        "数量" : 1,
        "建成日起" : "2016.11",
        "东经" : "113°30'51.71\"",
        "北纬" : "22°09'08.36\"",
        "负责人" : " ",
        "备注" : " ",
        "日常管理人" : "备勤8841261",
        "X" : 113.51436388899999,
        "Y" : 22.152322222199999
      },
      "geometry" : {
        "x" : 38449905.446375161,
        "y" : 2450748.5101976232
      }
    },
    {
      "attributes" : {
        "FID" : 95,
        "编号" : 96,
        "名称" : "横琴大桥南弃土场",
        "规格型号" : "警示牌",
        "数量" : 1,
        "建成日起" : "2016.11",
        "东经" : "113°30'48.04\"",
        "北纬" : "22°09'08.87\"",
        "负责人" : " ",
        "备注" : " ",
        "日常管理人" : "备勤8841262",
        "X" : 113.513344444,
        "Y" : 22.152463888900002
      },
      "geometry" : {
        "x" : 38449800.33655189,
        "y" : 2450764.5341526549
      }
    },
    {
      "attributes" : {
        "FID" : 96,
        "编号" : 97,
        "名称" : "深井村赤沙口",
        "规格型号" : "警示牌",
        "数量" : 1,
        "建成日起" : "2016.11",
        "东经" : "113°29'25.24\"",
        "北纬" : "22°05'32.48\"",
        "负责人" : " ",
        "备注" : " ",
        "日常管理人" : "李权培13672713945",
        "X" : 113.490344444,
        "Y" : 22.092355555600001
      },
      "geometry" : {
        "x" : 38447405.491243564,
        "y" : 2444116.2078944421
      }
    }
  ]
}