{
  "displayFieldName" : "",
  "fieldAliases" : {
    "FID" : "FID",
    "编号" : "编号",
    "名称" : "名称",
    "规格型号" : "规格型号",
    "数量" : "数量",
    "建成日起" : "建成日起",
    "东经" : "东经",
    "北纬" : "北纬",
    "负责人" : "负责人",
    "备注" : "备注",
    "日常管理人" : "日常管理人",
    "X" : "X",
    "Y" : "Y"
  },
  "geometryType" : "esriGeometryPoint",
  "spatialReference" : {
    "wkid" : 2362,
    "latestWkid" : 2362
  },
  "fields" : [
    {
      "name" : "FID",
      "type" : "esriFieldTypeOID",
      "alias" : "FID"
    },
    {
      "name" : "编号",
      "type" : "esriFieldTypeDouble",
      "alias" : "编号"
    },
    {
      "name" : "名称",
      "type" : "esriFieldTypeString",
      "alias" : "名称",
      "length" : 254
    },
    {
      "name" : "规格型号",
      "type" : "esriFieldTypeString",
      "alias" : "规格型号",
      "length" : 254
    },
    {
      "name" : "数量",
      "type" : "esriFieldTypeDouble",
      "alias" : "数量"
    },
    {
      "name" : "建成日起",
      "type" : "esriFieldTypeDouble",
      "alias" : "建成日起"
    },
    {
      "name" : "东经",
      "type" : "esriFieldTypeString",
      "alias" : "东经",
      "length" : 254
    },
    {
      "name" : "北纬",
      "type" : "esriFieldTypeString",
      "alias" : "北纬",
      "length" : 254
    },
    {
      "name" : "负责人",
      "type" : "esriFieldTypeString",
      "alias" : "负责人",
      "length" : 254
    },
    {
      "name" : "备注",
      "type" : "esriFieldTypeString",
      "alias" : "备注",
      "length" : 254
    },
    {
      "name" : "日常管理人",
      "type" : "esriFieldTypeString",
      "alias" : "日常管理人",
      "length" : 50
    },
    {
      "name" : "X",
      "type" : "esriFieldTypeDouble",
      "alias" : "X"
    },
    {
      "name" : "Y",
      "type" : "esriFieldTypeDouble",
      "alias" : "Y"
    }
  ],
  "features" : [
    {
      "attributes" : {
        "FID" : 0,
        "编号" : 1,
        "名称" : "三大队后山旁边",
        "规格型号" : "监控",
        "数量" : 1,
        "建成日起" : 2016.5999999999999,
        "东经" : "113°31'39.342",
        "北纬" : "22°8'35.704",
        "负责人" : "谢卫华13676054970",
        "备注" : " ",
        "日常管理人" : "吴德良15919298429",
        "X" : 113.52759500000001,
        "Y" : 22.1432511111
      },
      "geometry" : {
        "x" : 38451267.168085366,
        "y" : 2449739.7176167313
      }
    },
    {
      "attributes" : {
        "FID" : 1,
        "编号" : 2,
        "名称" : "土地庙",
        "规格型号" : "监控",
        "数量" : 1,
        "建成日起" : 2016.5999999999999,
        "东经" : "113°29'54.985",
        "北纬" : "22°7'8.080",
        "负责人" : "谢卫华13676054970",
        "备注" : " ",
        "日常管理人" : "林波13902876762",
        "X" : 113.498606944,
        "Y" : 22.118911111100001
      },
      "geometry" : {
        "x" : 38448267.849644646,
        "y" : 2447054.0028095301
      }
    },
    {
      "attributes" : {
        "FID" : 2,
        "编号" : 3,
        "名称" : "武帝庙",
        "规格型号" : "监控",
        "数量" : 1,
        "建成日起" : 2016.5999999999999,
        "东经" : "113°31'24.330",
        "北纬" : "22°7'23.592",
        "负责人" : "谢卫华13676054970",
        "备注" : " ",
        "日常管理人" : "赵嘉荣13160655443",
        "X" : 113.523425,
        "Y" : 22.12322
      },
      "geometry" : {
        "x" : 38450830.036452308,
        "y" : 2447522.9175750935
      }
    },
    {
      "attributes" : {
        "FID" : 3,
        "编号" : 4,
        "名称" : "风力1号水池",
        "规格型号" : "监控",
        "数量" : 1,
        "建成日起" : 2016.5999999999999,
        "东经" : "113°32'12.012",
        "北纬" : "22°7'17.184",
        "负责人" : "谢卫华13676054970",
        "备注" : " ",
        "日常管理人" : "备勤8841261",
        "X" : 113.53667,
        "Y" : 22.12144
      },
      "geometry" : {
        "x" : 38452195.992453583,
        "y" : 2447321.5886792662
      }
    },
    {
      "attributes" : {
        "FID" : 4,
        "编号" : 5,
        "名称" : "相思瀑布山顶",
        "规格型号" : "监控",
        "数量" : 1,
        "建成日起" : 2016.5999999999999,
        "东经" : "113°32'32",
        "北纬" : "22°07'03",
        "负责人" : "谢卫华13676054970",
        "备注" : " ",
        "日常管理人" : "备勤8841261",
        "X" : 113.54222222200001,
        "Y" : 22.1175
      },
      "geometry" : {
        "x" : 38452767.538428612,
        "y" : 2446883.5607392834
      }
    },
    {
      "attributes" : {
        "FID" : 5,
        "编号" : 6,
        "名称" : "长寿路",
        "规格型号" : "监控",
        "数量" : 1,
        "建成日起" : 2016.5999999999999,
        "东经" : "113°31'57.140",
        "北纬" : "22°5'35.315",
        "负责人" : "谢卫华13676054970",
        "备注" : " ",
        "日常管理人" : "备勤8841261",
        "X" : 113.53253888899999,
        "Y" : 22.093143055599999
      },
      "geometry" : {
        "x" : 38451760.137477078,
        "y" : 2444189.4463061742
      }
    },
    {
      "attributes" : {
        "FID" : 6,
        "编号" : 7,
        "名称" : "旧村背",
        "规格型号" : "监控",
        "数量" : 1,
        "建成日起" : 2016.5999999999999,
        "东经" : "113°31'34.363",
        "北纬" : "22°5'43.048",
        "负责人" : "谢卫华13676054970",
        "备注" : " ",
        "日常管理人" : "备勤8841261",
        "X" : 113.526211944,
        "Y" : 22.0952911111
      },
      "geometry" : {
        "x" : 38451107.954669468,
        "y" : 2444429.3269658703
      }
    },
    {
      "attributes" : {
        "FID" : 7,
        "编号" : 8,
        "名称" : "望天台山脚山道",
        "规格型号" : "监控",
        "数量" : 1,
        "建成日起" : 2016.5999999999999,
        "东经" : "113°29'55.738",
        "北纬" : "22°5'43.966",
        "负责人" : "谢卫华13676054970",
        "备注" : " ",
        "日常管理人" : "李权培13727042433",
        "X" : 113.498816111,
        "Y" : 22.095546111099999
      },
      "geometry" : {
        "x" : 38448280.913627364,
        "y" : 2444466.6123663681
      }
    }
  ]
}